country,country_code,year,migrant_stock,entity_type,is_aggregate,gdp,gdp_per_capita,population,unemployment,migrant_stock_pct_population,stock_change_5yr,stock_growth_pct_5yr,migrant_stock_global_rank,migrant_stock_pct_population_global_rank
   Aruba*,ABW,1990,14444.0,territory,False,764804469.273743,12187.5363611898,62753.0,,23.0172,,,172.0,30.0
   Aruba*,ABW,1995,22274.0,territory,False,1320670391.06145,16548.7173868987,79805.0,,27.9105,7830.0,54.21,166.0,26.0
   Aruba*,ABW,2000,30104.0,territory,False,1873452513.96648,20681.0230269625,90588.0,,33.2318,7830.0,35.15,157.0,20.0
   Aruba*,ABW,2005,32540.0,territory,False,2360017318.43575,24171.8371325422,97635.0,,33.3282,2436.0,8.09,158.0,21.0
   Aruba*,ABW,2010,34328.0,territory,False,2453597206.70391,24093.1401510626,101838.0,,33.7084,1788.0,5.49,161.0,22.0
   Aruba*,ABW,2015,36114.0,territory,False,2962906703.91061,27458.2201537506,107906.0,,33.468,1786.0,5.2,165.0,23.0
   Aruba*,ABW,2020,53593.0,territory,False,2461056053.22795,22664.3709949437,108587.0,,49.3549,17479.0,48.4,154.0,16.0
   Afghanistan,AFG,1990,57686.0,country,False,,,12045660.0,,0.4789,,,132.0,187.0
   Afghanistan,AFG,1995,71522.0,country,False,,,17065836.0,7.868,0.4191,13836.0,23.99,130.0,188.0
   Afghanistan,AFG,2000,75917.0,country,False,3521418059.92345,174.930991430166,20130327.0,7.897,0.3771,4395.0,6.14,131.0,192.0
   Afghanistan,AFG,2005,87314.0,country,False,6203256538.70967,254.184249149336,24404567.0,7.878,0.3578,11397.0,15.01,125.0,191.0
   Afghanistan,AFG,2010,102276.0,country,False,15856668555.8336,560.621505463146,28284089.0,7.809,0.3616,14962.0,17.14,124.0,197.0
   Afghanistan,AFG,2015,339432.0,country,False,19134221644.7325,565.569730408751,33831764.0,9.032,1.0033,237156.0,231.88,87.0,174.0
   Afghanistan,AFG,2020,144098.0,country,False,19955929052.1496,510.787063366811,39068979.0,11.71,0.3688,-195334.0,-57.55,122.0,199.0
   Angola,AGO,1990,33517.0,country,False,11229515599.3048,965.866840464665,11626360.0,,0.2883,,,152.0,198.0
   Angola,AGO,1995,39813.0,country,False,5538749259.94714,404.29481849612,13699778.0,16.978,0.2906,6296.0,18.78,145.0,196.0
   Angola,AGO,2000,46108.0,country,False,9129594970.15301,563.733795571487,16194869.0,16.646,0.2847,6295.0,15.81,141.0,196.0
   Angola,AGO,2005,62331.0,country,False,41396636383.8231,2145.88621098663,19291161.0,16.295,0.3231,16223.0,35.18,134.0,196.0
   Angola,AGO,2010,336367.0,country,False,95546919754.2873,4101.63715564669,23294825.0,16.595,1.444,274036.0,439.65,77.0,160.0
   Angola,AGO,2015,632178.0,country,False,102543067840.819,3641.72893920253,28157798.0,16.472,2.2451,295811.0,87.94,62.0,144.0
   Angola,AGO,2020,656434.0,country,False,58512033805.8981,1749.1794838482,33451132.0,16.696,1.9624,24256.0,3.84,69.0,154.0
   Albania,ALB,1990,66013.0,country,False,2028553750.0,617.230435515505,3286542.0,,2.0086,,,129.0,147.0
   Albania,ALB,1995,71354.0,country,False,2905092798.61916,911.320465445326,3187784.0,14.607,2.2384,5341.0,8.09,131.0,146.0
   Albania,ALB,2000,76695.0,country,False,3584570164.85195,1160.42047054038,3089027.0,19.023,2.4828,5341.0,7.49,129.0,132.0
   Albania,ALB,2005,64739.0,country,False,8256658249.8128,2741.72136549578,3011487.0,15.966,2.1497,-11956.0,-15.59,133.0,139.0
   Albania,ALB,2010,52784.0,country,False,12086545641.299,4149.14469936847,2913021.0,14.086,1.812,-11955.0,-18.47,145.0,150.0
   Albania,ALB,2015,52031.0,country,False,11470171826.9575,4199.53912925398,2731293.0,17.193,1.905,-753.0,-1.43,149.0,149.0
   Albania,ALB,2020,48810.0,country,False,15241458744.5927,6027.91350716348,2528480.0,11.639,1.9304,-3221.0,-6.19,156.0,155.0
   Andorra,AND,1990,38891.0,country,False,1028989692.06787,19563.6574722488,52597.0,,73.9415,,,144.0,1.0
   Andorra,AND,1995,44206.0,country,False,1178745282.8678,18443.2545197741,63912.0,,69.167,5315.0,13.67,141.0,3.0
   Andorra,AND,2000,42147.0,country,False,1432606188.65883,21810.2487426174,65685.0,,64.1653,-2059.0,-4.66,143.0,3.0
   Andorra,AND,2005,50298.0,country,False,3161084091.26848,40829.801878928,77421.0,,64.9669,8151.0,19.34,142.0,4.0
   Andorra,AND,2010,52053.0,country,False,3449925738.83334,42746.830952263,80706.0,,64.4971,1755.0,3.49,146.0,4.0
   Andorra,AND,2015,42264.0,country,False,2789881258.60547,38654.9347217207,72174.0,,58.5585,-9789.0,-18.81,155.0,8.0
   Andorra,AND,2020,45574.0,country,False,2891001149.40079,37361.090067211,77380.0,,58.8964,3310.0,7.83,159.0,9.0
   United Arab Emirates,ARE,1990,1306574.0,country,False,50701374187.331,26709.9567949611,1898220.0,,68.8315,,,22.0,3.0
   United Arab Emirates,ARE,1995,1824118.0,country,False,65743604965.7557,27003.1753753727,2434662.0,1.8,74.9228,517544.0,39.61,16.0,1.0
   United Arab Emirates,ARE,2000,2447010.0,country,False,104337463730.167,29865.5285002232,3493575.0,2.25,70.0432,622892.0,34.15,15.0,1.0
   United Arab Emirates,ARE,2005,3281115.0,country,False,180617467954.23,38719.3138285388,4664790.0,3.12,70.3379,834105.0,34.09,13.0,2.0
   United Arab Emirates,ARE,2010,7316697.0,country,False,307736348527.33,44795.2846234991,6869838.0,2.798,106.5047,4035582.0,122.99,5.0,1.0
   United Arab Emirates,ARE,2015,7995126.0,country,False,381973135513.065,44910.3458860776,8505237.0,1.793,94.0024,678429.0,9.27,6.0,1.0
   United Arab Emirates,ARE,2020,8716332.0,country,False,357161776271.328,37991.738387966,9401038.0,4.294,92.7167,721206.0,9.02,6.0,1.0
   Argentina,ARG,1990,1649919.0,country,False,141352654305.163,4315.33403111588,32755901.0,,5.037,,,17.0,97.0
   Argentina,ARG,1995,1595069.0,country,False,258031750000.0,7357.6162773788,35070020.0,18.8,4.5482,-54850.0,-3.32,20.0,100.0
   Argentina,ARG,2000,1540219.0,country,False,284203750000.0,7637.01489203628,37213984.0,15.0,4.1388,-54850.0,-3.44,24.0,103.0
   Argentina,ARG,2005,1674163.0,country,False,198737095012.282,5067.65342293276,39216789.0,11.506,4.269,133944.0,8.7,27.0,102.0
   Argentina,ARG,2010,1805957.0,country,False,423627422092.49,10260.1313108254,41288694.0,7.714,4.374,131794.0,7.87,29.0,102.0
   Argentina,ARG,2015,2086301.0,country,False,594749285413.212,13679.6264980954,43477012.0,7.577,4.7986,280344.0,15.52,28.0,103.0
   Argentina,ARG,2020,2281728.0,country,False,385740508436.965,8535.59938004389,45191965.0,11.461,5.049,195427.0,9.37,30.0,106.0
   Armenia,ARM,1990,658789.0,country,False,2256863448.77086,635.355327502517,3552128.0,,18.5463,,,45.0,36.0
   Armenia,ARM,1995,693999.0,country,False,1468317435.20148,443.924860857976,3307581.0,6.7,20.9821,35210.0,5.34,48.0,36.0
   Armenia,ARM,2000,657900.0,country,False,1911563668.85006,593.450581742282,3221100.0,11.107,20.4247,-36099.0,-5.2,50.0,34.0
   Armenia,ARM,2005,469189.0,country,False,4900469511.10191,1557.48458908655,3146400.0,10.584,14.9119,-188711.0,-28.68,63.0,42.0
   Armenia,ARM,2010,211147.0,country,False,9260285755.62424,3041.34450723339,3044800.0,19.523,6.9347,-258042.0,-55.0,102.0,90.0
   Armenia,ARM,2015,191199.0,country,False,10553337518.414,3512.39350276709,3004600.0,18.261,6.3635,-19948.0,-9.45,111.0,94.0
   Armenia,ARM,2020,190349.0,country,False,12641698583.2152,4268.68093304583,2961500.0,18.175,6.4275,-850.0,-0.44,115.0,97.0
   American Samoa*,ASM,1990,21283.0,territory,False,,,46640.0,,45.6325,,,164.0,13.0
   American Samoa*,ASM,1995,23098.0,territory,False,,,52316.0,,44.1509,1815.0,8.53,163.0,13.0
   American Samoa*,ASM,2000,24912.0,territory,False,,,56855.0,,43.8167,1814.0,7.85,164.0,15.0
   American Samoa*,ASM,2005,24233.0,territory,False,500000000.0,8831.26975996609,56617.0,,42.8016,-679.0,-2.73,168.0,16.0
   American Samoa*,ASM,2010,23555.0,territory,False,573000000.0,10375.1720141957,55228.0,,42.6505,-678.0,-2.8,176.0,17.0
   American Samoa*,ASM,2015,23513.0,territory,False,673000000.0,12727.4102651386,52878.0,,44.4665,-42.0,-0.18,177.0,16.0
   American Samoa*,ASM,2020,23608.0,territory,False,721000000.0,14489.2586563775,49761.0,,47.4428,95.0,0.4,180.0,17.0
   Antigua and Barbuda,ATG,1990,12029.0,country,False,478718518.518519,7590.75442423046,63066.0,,19.0737,,,175.0,35.0
   Antigua and Barbuda,ATG,1995,17550.0,country,False,616051851.851852,9034.47552907143,68189.0,,25.7373,5521.0,45.9,173.0,28.0
   Antigua and Barbuda,ATG,2000,23071.0,country,False,901003703.703704,12027.4949768222,74912.0,,30.7975,5521.0,31.46,166.0,24.0
   Antigua and Barbuda,ATG,2005,24741.0,country,False,1143896296.2963,14368.5708796058,79611.0,,31.0774,1670.0,7.24,165.0,25.0
   Antigua and Barbuda,ATG,2010,26412.0,country,False,1298348148.14815,15217.3950790922,85320.0,,30.9564,1671.0,6.75,170.0,25.0
   Antigua and Barbuda,ATG,2015,28082.0,country,False,1437485185.18519,16077.6340769406,89409.0,,31.4085,1670.0,6.32,172.0,26.0
   Antigua and Barbuda,ATG,2020,29386.0,country,False,1411637037.03704,15369.6082250401,91846.0,,31.9949,1304.0,4.64,172.0,25.0
   Australia*,AUS,1990,3955213.0,country,False,311840666465.053,18273.561526468,17065128.0,,23.1772,,,11.0,29.0
   Australia*,AUS,1995,4153330.0,country,False,368725126225.126,20479.1748274233,18004882.0,8.473,23.0678,198117.0,5.01,10.0,31.0
   Australia*,AUS,2000,4386250.0,country,False,416901962163.479,21908.9968019784,19028802.0,6.288,23.0506,232920.0,5.61,10.0,31.0
   Australia*,AUS,2005,4878030.0,country,False,696811489612.816,34535.20727091,20176844.0,5.036,24.1764,491780.0,11.21,10.0,32.0
   Australia*,AUS,2010,5882980.0,country,False,1152566632022.13,52313.8939041213,22031750.0,5.214,26.7023,1004950.0,20.6,10.0,29.0
   Australia*,AUS,2015,6729730.0,country,False,1356805839935.9,56970.3613028094,23815995.0,6.055,28.2572,846750.0,14.39,9.0,29.0
   Australia*,AUS,2020,7685860.0,country,False,1333336461648.09,51983.4523666382,25649248.0,6.394,29.9652,956130.0,14.21,9.0,30.0
   Austria,AUT,1990,793239.0,country,False,165811372382.912,21596.068219998,7677850.0,,10.3315,,,38.0,57.0
   Austria,AUT,1995,894893.0,country,False,240094169510.031,30207.0674314652,7948278.0,4.345,11.259,101654.0,12.82,40.0,57.0
   Austria,AUT,2000,996547.0,country,False,196181599831.287,24487.2974685956,8011566.0,4.687,12.4389,101654.0,11.36,37.0,50.0
   Austria,AUT,2005,1127164.0,country,False,313952317330.776,38157.37022862,8227829.0,5.682,13.6994,130617.0,13.11,34.0,48.0
   Austria,AUT,2010,1274901.0,country,False,389827789217.634,46611.1393420232,8363404.0,4.883,15.2438,147737.0,13.11,38.0,44.0
   Austria,AUT,2015,1483123.0,country,False,379546097300.633,43915.228020857,8642699.0,5.802,17.1604,208222.0,16.33,36.0,40.0
   Austria,AUT,2020,1738183.0,country,False,434397601557.696,48716.4098900349,8916864.0,5.201,19.4932,255060.0,17.2,37.0,39.0
   Azerbaijan*,AZE,1990,360600.0,country,False,8884848484.84848,1238.27189274842,7175200.0,,5.0256,,,68.0,98.0
   Azerbaijan*,AZE,1995,344070.0,country,False,2417331192.9526,314.55801908334,7684850.0,7.2,4.4773,-16530.0,-4.58,70.0,102.0
   Azerbaijan*,AZE,2000,327540.0,country,False,5272615722.96892,655.097249579917,8048600.0,11.78,4.0695,-16530.0,-4.8,72.0,106.0
   Azerbaijan*,AZE,2005,301834.0,country,False,13245421880.834,1578.36733030667,8391850.0,7.26,3.5968,-25706.0,-7.85,79.0,112.0
   Azerbaijan*,AZE,2010,276901.0,country,False,52909294791.9262,5843.5337683582,9054332.0,5.63,3.0582,-24933.0,-8.26,89.0,122.0
   Azerbaijan*,AZE,2015,264359.0,country,False,53076235354.746,5500.50364628486,9649341.0,4.96,2.7397,-12542.0,-4.53,99.0,131.0
   Azerbaijan*,AZE,2020,252228.0,country,False,42693000000.0,4229.91064904503,10093121.0,7.24,2.499,-12131.0,-4.59,102.0,144.0
   Burundi,BDI,1990,333110.0,country,False,1132101252.51817,202.629446176297,5587052.0,,5.9622,,,72.0,87.0
   Burundi,BDI,1995,254853.0,country,False,1000428393.88528,164.915311679326,6066316.0,3.095,4.2011,-78257.0,-23.49,81.0,105.0
   Burundi,BDI,2000,125628.0,country,False,870486065.883137,134.537861752389,6470194.0,3.137,1.9416,-129225.0,-50.71,114.0,148.0
   Burundi,BDI,2005,192774.0,country,False,1117113079.73645,147.234619294225,7587299.0,3.162,2.5407,67146.0,53.45,102.0,130.0
   Burundi,BDI,2010,247321.0,country,False,2032135192.01248,216.727705301976,9376444.0,1.615,2.6377,54547.0,28.3,95.0,130.0
   Burundi,BDI,2015,298299.0,country,False,2810532912.49975,254.402585226788,11047580.0,1.449,2.7001,50978.0,20.61,91.0,132.0
   Burundi,BDI,2020,344767.0,country,False,3188355943.63513,252.702452750006,12617036.0,1.03,2.7326,46468.0,15.58,93.0,140.0
   Belgium,BEL,1990,1280583.0,country,False,205331747947.851,20600.3752789827,9967379.0,,12.8477,,,23.0,52.0
   Belgium,BEL,1995,1288003.0,country,False,288025588396.278,28413.8264387368,10136811.0,9.337,12.7062,7420.0,0.58,26.0,49.0
   Belgium,BEL,2000,1268368.0,country,False,236792460312.471,23098.8865077401,10251250.0,6.586,12.3728,-19635.0,-1.52,29.0,51.0
   Belgium,BEL,2005,1248733.0,country,False,385714762230.039,36809.7013403619,10478617.0,8.44,11.917,-19635.0,-1.55,32.0,54.0
   Belgium,BEL,2010,1503806.0,country,False,481556503720.001,44197.393671162,10895586.0,8.293,13.802,255073.0,20.43,31.0,52.0
   Belgium,BEL,2015,1783488.0,country,False,461044767544.531,40893.804537772,11274196.0,8.482,15.8192,279682.0,18.6,33.0,44.0
   Belgium,BEL,2020,2005479.0,country,False,529694473501.791,45906.2875805246,11538604.0,5.545,17.3806,221991.0,12.45,33.0,46.0
   Benin,BEN,1990,76751.0,country,False,1959965330.14765,371.101604332357,5281479.0,,1.4532,,,122.0,153.0
   Benin,BEN,1995,105703.0,country,False,2169627137.9207,348.435238914394,6226773.0,1.305,1.6976,28952.0,37.72,117.0,152.0
   Benin,BEN,2000,134655.0,country,False,3519991440.47913,487.424141384242,7221619.0,0.864,1.8646,28952.0,27.39,111.0,150.0
   Benin,BEN,2005,248320.0,country,False,6567654954.38903,779.437777753268,8426144.0,0.859,2.947,113665.0,84.41,91.0,123.0
   Benin,BEN,2010,309225.0,country,False,9535345015.78355,973.244254931526,9797484.0,1.04,3.1562,60905.0,24.53,82.0,121.0
   Benin,BEN,2015,366284.0,country,False,11388160996.7738,1002.41886879614,11360681.0,1.886,3.2241,57059.0,18.45,84.0,124.0
   Benin,BEN,2020,394276.0,country,False,15686741883.934,1200.19426557789,13070169.0,1.518,3.0166,27992.0,7.64,86.0,133.0
   Burkina Faso,BFA,1990,349652.0,country,False,3101300778.56414,338.593759055128,9159356.0,,3.8174,,,69.0,115.0
   Burkina Faso,BFA,1995,464104.0,country,False,2379517975.28056,229.092294496817,10386722.0,2.532,4.4682,114452.0,32.73,60.0,103.0
   Burkina Faso,BFA,2000,520363.0,country,False,2968370087.59759,248.908526921752,11925546.0,2.687,4.3634,56259.0,12.12,59.0,100.0
   Burkina Faso,BFA,2005,597658.0,country,False,6146353173.34929,441.164148016012,13932123.0,4.0,4.2898,77295.0,14.85,56.0,101.0
   Burkina Faso,BFA,2010,674438.0,country,False,10109619740.6994,624.957252224766,16176498.0,3.725,4.1692,76780.0,12.85,53.0,109.0
   Burkina Faso,BFA,2015,704676.0,country,False,11832159315.6298,630.124750752312,18777487.0,4.472,3.7528,30238.0,4.48,60.0,116.0
   Burkina Faso,BFA,2020,723989.0,country,False,17725010532.5268,825.237038782475,21478690.0,4.59,3.3707,19313.0,2.74,66.0,127.0
   Bangladesh,BGD,1990,881617.0,country,False,31598340778.2164,283.053737055234,111633717.0,,0.7897,,,35.0,177.0
   Bangladesh,BGD,1995,934735.0,country,False,37939748768.6567,309.458680823367,122600370.0,2.441,0.7624,53118.0,6.03,38.0,176.0
   Bangladesh,BGD,2000,987853.0,country,False,53369787318.6245,396.670730249751,134544304.0,3.27,0.7342,53118.0,5.68,38.0,175.0
   Bangladesh,BGD,2005,1062270.0,country,False,69476001239.419,480.08585075452,144715786.0,4.25,0.734,74417.0,7.53,38.0,174.0
   Bangladesh,BGD,2010,1345546.0,country,False,115275540051.262,757.385280361508,152201981.0,3.379,0.8841,283276.0,26.67,35.0,173.0
   Bangladesh,BGD,2015,1422179.0,country,False,195146608978.131,1224.38647668165,159383179.0,4.397,0.8923,76633.0,5.7,37.0,177.0
   Bangladesh,BGD,2020,2115408.0,country,False,373979442362.193,2248.85078828233,166298024.0,5.539,1.2721,693229.0,48.74,32.0,167.0
   Bulgaria,BGR,1990,21510.0,country,False,20726605648.7971,2377.3707947508,8718289.0,,0.2467,,,163.0,203.0
   Bulgaria,BGR,1995,32435.0,country,False,18992388645.3609,2259.36679369328,8406067.0,11.1,0.3859,10925.0,50.79,153.0,191.0
   Bulgaria,BGR,2000,43360.0,country,False,13246669553.9701,1621.3452487867,8170172.0,16.218,0.5307,10925.0,33.68,142.0,183.0
   Bulgaria,BGR,2005,61074.0,country,False,29870182424.913,3900.02501966492,7658972.0,10.083,0.7974,17714.0,40.85,135.0,172.0
   Bulgaria,BGR,2010,76287.0,country,False,50691645231.0083,6854.2987837778,7395599.0,10.279,1.0315,15213.0,24.91,135.0,171.0
   Bulgaria,BGR,2015,123803.0,country,False,50768512172.9373,7269.02586513711,6984225.0,9.143,1.7726,47516.0,62.29,124.0,152.0
   Bulgaria,BGR,2020,184363.0,country,False,70490478088.1395,10760.7616180234,6550696.0,5.037,2.8144,60560.0,48.92,117.0,137.0
   Bahrain,BHR,1990,173212.0,country,False,4809511005.31915,9342.53891401688,514797.0,,33.6467,,,95.0,19.0
   Bahrain,BHR,1995,205979.0,country,False,6651180851.06383,11900.9317778335,558879.0,1.044,36.8557,32767.0,18.92,92.0,18.0
   Bahrain,BHR,2000,239361.0,country,False,9062898936.17021,14214.4836839343,637582.0,1.081,37.542,33382.0,16.21,86.0,17.0
   Bahrain,BHR,2005,404018.0,country,False,15968723404.2553,17966.1657837625,888822.0,1.021,45.4554,164657.0,68.79,66.0,14.0
   Bahrain,BHR,2010,666406.0,country,False,26805984042.5532,21819.3291098099,1228543.0,1.13,54.2436,262388.0,64.94,54.0,11.0
   Bahrain,BHR,2015,722487.0,country,False,32523297872.3404,23734.0551143019,1370322.0,1.164,52.7239,56081.0,8.42,58.0,11.0
   Bahrain,BHR,2020,936094.0,country,False,35837632978.7234,24342.8444554718,1472204.0,1.765,63.5845,213607.0,29.57,57.0,7.0
   Bahamas,BHS,1990,26855.0,country,False,3166000000.0,11473.3008389353,275945.0,,9.732,,,156.0,61.0
   Bahamas,BHS,1995,31654.0,country,False,3429000000.0,11374.6056703852,301461.0,10.83,10.5002,4799.0,17.87,155.0,60.0
   Bahamas,BHS,2000,36454.0,country,False,8076470000.0,24940.0775086078,323835.0,7.118,11.257,4800.0,15.16,150.0,57.0
   Bahamas,BHS,2005,45531.0,country,False,9836200000.0,28602.4181869995,343894.0,10.2,13.2398,9077.0,24.9,144.0,51.0
   Bahamas,BHS,2010,54745.0,country,False,10095760000.0,27473.100430502,367478.0,14.435,14.8975,9214.0,20.24,143.0,47.0
   Bahamas,BHS,2015,59241.0,country,False,11837600000.0,30719.405417469,385346.0,12.0,15.3735,4496.0,8.21,143.0,47.0
   Bahamas,BHS,2020,63583.0,country,False,10363200000.0,26178.7537607708,395863.0,12.016,16.0619,4342.0,7.33,146.0,49.0
   Bosnia and Herzegovina,BIH,1990,56000.0,country,False,7753478260.86957,1742.88262171767,4448652.0,,1.2588,,,134.0,158.0
   Bosnia and Herzegovina,BIH,1995,69476.0,country,False,1866572953.73665,502.365980975339,3715564.0,20.944,1.8699,13476.0,24.06,133.0,150.0
   Bosnia and Herzegovina,BIH,2000,82952.0,country,False,5567772768.81188,1338.48059636261,4159771.0,25.446,1.9941,13476.0,19.4,127.0,146.0
   Bosnia and Herzegovina,BIH,2005,47287.0,country,False,11222796336.5426,2739.61076866057,4096493.0,30.218,1.1543,-35665.0,-42.99,143.0,165.0
   Bosnia and Herzegovina,BIH,2010,38945.0,country,False,17176315803.7298,4506.47828548389,3811472.0,27.312,1.0218,-8342.0,-17.64,157.0,172.0
   Bosnia and Herzegovina,BIH,2015,38597.0,country,False,16404348361.0926,4662.25869219448,3518541.0,27.695,1.097,-348.0,-0.89,162.0,172.0
   Bosnia and Herzegovina,BIH,2020,36042.0,country,False,20226038369.9191,6130.31187968266,3299349.0,15.868,1.0924,-2555.0,-6.62,165.0,169.0
   Belarus,BLR,1990,1248977.0,country,False,17389558232.9317,1706.64091882343,10189348.0,,12.2577,,,24.0,54.0
   Belarus,BLR,1995,1186282.0,country,False,13972683273.5692,1370.69991385664,10193831.0,17.7,11.6373,-62695.0,-5.02,28.0,53.0
   Belarus,BLR,2000,1123586.0,country,False,12736856827.9847,1276.2880341,9979610.0,12.193,11.2588,-62696.0,-5.29,32.0,56.0
   Belarus,BLR,2005,1106982.0,country,False,30210091836.8294,3126.07176665248,9663915.0,8.759,11.4548,-16604.0,-1.48,36.0,58.0
   Belarus,BLR,2010,1090378.0,country,False,57231904542.8755,6034.67885177216,9483836.0,6.052,11.4972,-16604.0,-1.5,40.0,63.0
   Belarus,BLR,2015,1082905.0,country,False,56454769844.7632,5967.05595058777,9461076.0,5.881,11.4459,-7473.0,-0.69,45.0,71.0
   Belarus,BLR,2020,1067090.0,country,False,61371673344.7424,6542.85579976768,9379952.0,4.049,11.3763,-15815.0,-1.46,52.0,73.0
   Belize,BLZ,1990,30404.0,country,False,546750912.28848,2986.46962075029,183076.0,,16.6073,,,153.0,41.0
   Belize,BLZ,1995,33446.0,country,False,818590250.0,4009.82752539849,204146.0,12.48,16.3834,3042.0,10.01,152.0,39.0
   Belize,BLZ,2000,36488.0,country,False,1138138100.0,4726.50675459616,240799.0,10.841,15.1529,3042.0,9.1,149.0,42.0
   Belize,BLZ,2005,41438.0,country,False,1474298400.0,5270.41479135312,279731.0,10.91,14.8135,4950.0,13.57,148.0,43.0
   Belize,BLZ,2010,46390.0,country,False,1748988400.0,5461.40735999001,320245.0,8.412,14.4858,4952.0,11.95,150.0,49.0
   Belize,BLZ,2015,54615.0,country,False,2193095150.0,6154.62264230369,356333.0,7.578,15.327,8225.0,17.73,147.0,48.0
   Belize,BLZ,2020,62043.0,country,False,2047284600.0,5238.54078175696,390812.0,10.763,15.8754,7428.0,13.6,147.0,51.0
   Bermuda*,BMU,1990,15683.0,territory,False,1592400000.0,27665.525808301,57559.0,,27.2468,,,169.0,25.0
   Bermuda*,BMU,1995,16676.0,territory,False,2030750000.0,34115.3445553204,59526.0,,28.0146,993.0,6.33,174.0,25.0
   Bermuda*,BMU,2000,17684.0,territory,False,3480219000.0,56542.9569455727,61550.0,,28.7311,1008.0,6.04,174.0,28.0
   Bermuda*,BMU,2005,18108.0,territory,False,4868136000.0,77628.103522508,62711.0,,28.8753,424.0,2.4,176.0,27.0
   Bermuda*,BMU,2010,18547.0,territory,False,6634526000.0,104111.824244802,63725.0,,29.1047,439.0,2.42,180.0,28.0
   Bermuda*,BMU,2015,19212.0,territory,False,6654541000.0,104855.366822135,63464.0,,30.2723,665.0,3.59,184.0,27.0
   Bermuda*,BMU,2020,19739.0,territory,False,6887364000.0,106976.546239632,64382.0,,30.6592,527.0,2.74,184.0,28.0
   Bolivia (Plurinational State of),BOL,1990,73758.0,country,False,4867582597.51312,682.67681029538,7130142.0,,1.0345,,,125.0,165.0
   Bolivia (Plurinational State of),BOL,1995,83598.0,country,False,6715161732.22658,852.754034861444,7874676.0,2.664,1.0616,9840.0,13.34,128.0,166.0
   Bolivia (Plurinational State of),BOL,2000,92658.0,country,False,8397855484.76908,975.777060358751,8606326.0,2.439,1.0766,9060.0,10.84,124.0,166.0
   Bolivia (Plurinational State of),BOL,2005,107745.0,country,False,9549122905.32852,1020.12326200737,9360754.0,2.598,1.151,15087.0,16.28,119.0,166.0
   Bolivia (Plurinational State of),BOL,2010,122846.0,country,False,19649723722.1034,1929.78373077158,10182345.0,2.609,1.2065,15101.0,14.02,119.0,166.0
   Bolivia (Plurinational State of),BOL,2015,143008.0,country,False,33000198248.9146,2996.01289811344,11014705.0,3.111,1.2983,20162.0,16.41,119.0,162.0
   Bolivia (Plurinational State of),BOL,2020,164121.0,country,False,42313784081.042,3580.96761778303,11816299.0,7.903,1.3889,21113.0,14.76,120.0,166.0
   Brazil,BRA,1990,798517.0,country,False,384959818181.817,2581.14187449078,149143223.0,,0.5354,,,37.0,184.0
   Brazil,BRA,1995,741557.0,country,False,769333050986.905,4756.74840785403,161735073.0,7.092,0.4585,-56960.0,-7.13,47.0,187.0
   Brazil,BRA,2000,684596.0,country,False,655448231983.527,3766.54811466032,174018282.0,10.889,0.3934,-56961.0,-7.68,48.0,190.0
   Brazil,BRA,2005,638582.0,country,False,891633839894.183,4827.78173074714,184688101.0,10.551,0.3458,-46014.0,-6.72,53.0,194.0
   Brazil,BRA,2010,592640.0,country,False,2208837745100.55,11403.2821278747,193701929.0,8.42,0.306,-45942.0,-7.19,57.0,202.0
   Brazil,BRA,2015,710304.0,country,False,1802212206814.5,8936.19661712113,201675532.0,8.538,0.3522,117664.0,19.85,59.0,201.0
   Brazil,BRA,2020,1079708.0,country,False,1476107231310.49,7074.19378337644,208660842.0,13.697,0.5174,369404.0,52.01,51.0,192.0
   Barbados,BRB,1990,24024.0,country,False,2012131457.26644,7781.40573306125,258582.0,,9.2907,,,159.0,64.0
   Barbados,BRB,1995,26224.0,country,False,2216974096.35559,8460.47380869104,262039.0,19.66,10.0077,2200.0,9.16,160.0,66.0
   Barbados,BRB,2000,28424.0,country,False,3059500000.0,11674.6736471764,262063.0,9.35,10.8462,2200.0,8.39,159.0,60.0
   Barbados,BRB,2005,30624.0,country,False,3819500000.0,14214.4202213572,268706.0,9.08,11.3968,2200.0,7.74,160.0,60.0
   Barbados,BRB,2010,32825.0,country,False,5428683250.0,19723.2381931602,275243.0,10.69,11.9258,2201.0,7.19,164.0,59.0
   Barbados,BRB,2015,34475.0,country,False,5699619150.0,20429.4747123553,278990.0,9.803,12.3571,1650.0,5.03,166.0,61.0
   Barbados,BRB,2020,34869.0,country,False,5403246950.0,19180.9915228365,281698.0,10.586,12.3781,394.0,1.14,167.0,68.0
   Brunei Darussalam,BRN,1990,73200.0,country,False,6039881086.68157,23658.7166330381,255292.0,,28.673,,,126.0,24.0
   Brunei Darussalam,BRN,1995,84748.0,country,False,7700144069.1419,26443.2564746713,291195.0,5.066,29.1035,11548.0,15.78,127.0,23.0
   Brunei Darussalam,BRN,2000,96296.0,country,False,6570999087.56742,20130.2572346624,326424.0,5.53,29.5003,11548.0,13.63,123.0,25.0
   Brunei Darussalam,BRN,2005,98441.0,country,False,10547202620.5286,29386.2703822862,358916.0,5.973,27.4273,2145.0,2.23,122.0,28.0
   Brunei Darussalam,BRN,2010,100587.0,country,False,13707121038.4383,34937.5555357155,392332.0,6.487,25.6382,2146.0,2.18,125.0,32.0
   Brunei Darussalam,BRN,2015,102733.0,country,False,12930296870.1247,30625.1287744656,422212.0,7.703,24.3321,2146.0,2.13,129.0,32.0
   Brunei Darussalam,BRN,2020,111959.0,country,False,12005799653.9835,26834.3592233943,447404.0,7.409,25.0241,9226.0,8.98,127.0,35.0
   Bhutan,BTN,1990,23807.0,country,False,287765007.112863,488.327431477129,589287.0,,4.04,,,161.0,111.0
   Bhutan,BTN,1995,27972.0,country,False,290490983.815778,530.103676927417,547989.0,1.4,5.1045,4165.0,17.49,157.0,93.0
   Bhutan,BTN,2000,32137.0,country,False,460733418.399276,771.924911410619,596863.0,1.655,5.3843,4165.0,14.89,153.0,94.0
   Bhutan,BTN,2005,40279.0,country,False,860391000.221655,1299.94938578359,661865.0,3.1,6.0857,8142.0,25.34,149.0,89.0
   Bhutan,BTN,2010,48420.0,country,False,1708880730.20989,2435.5798056672,701632.0,3.32,6.9011,8141.0,20.21,147.0,91.0
   Bhutan,BTN,2015,51106.0,country,False,2187815803.36833,2954.04081911097,740618.0,2.45,6.9005,2686.0,5.55,150.0,90.0
   Bhutan,BTN,2020,53612.0,country,False,2457604333.90927,3191.66906999331,770006.0,5.03,6.9625,2506.0,4.9,153.0,95.0
   Botswana,BWA,1990,27510.0,country,False,3790636324.44775,2903.15381562611,1305696.0,,2.1069,,,155.0,144.0
   Botswana,BWA,1995,40168.0,country,False,4730599121.92704,3156.18194514079,1498836.0,21.394,2.6799,12658.0,46.01,144.0,134.0
   Botswana,BWA,2000,74934.0,country,False,5788329609.15755,3450.81180622992,1677382.0,15.88,4.4673,34766.0,86.55,132.0,99.0
   Botswana,BWA,2005,84661.0,country,False,9918907108.09702,5391.07076619634,1839877.0,19.852,4.6014,9727.0,12.98,127.0,100.0
   Botswana,BWA,2010,94863.0,country,False,12637273429.1339,6215.73216077919,2033111.0,17.86,4.6659,10202.0,12.05,127.0,100.0
   Botswana,BWA,2015,103053.0,country,False,13530748844.505,6141.20394726616,2203273.0,18.915,4.6773,8190.0,8.63,128.0,104.0
   Botswana,BWA,2020,110268.0,country,False,14960251607.8135,6323.2974967659,2365894.0,21.017,4.6607,7215.0,7.0,128.0,109.0
   Central African Republic,CAF,1990,67234.0,country,False,1440711459.16967,501.656200636394,2871910.0,,2.3411,,,128.0,138.0
   Central African Republic,CAF,1995,99712.0,country,False,1115389673.69197,333.145863233895,3348052.0,5.871,2.9782,32478.0,48.31,121.0,125.0
   Central African Republic,CAF,2000,123529.0,country,False,916777282.691659,239.154133726071,3833416.0,5.722,3.2224,23817.0,23.89,115.0,117.0
   Central African Republic,CAF,2005,96409.0,country,False,1337894378.73743,311.950023138687,4288810.0,5.691,2.2479,-27120.0,-21.95,123.0,135.0
   Central African Republic,CAF,2010,94685.0,country,False,2142591540.40068,476.873786950728,4492995.0,5.658,2.1074,-1724.0,-1.79,128.0,141.0
   Central African Republic,CAF,2015,81568.0,country,False,1695825714.19282,366.322853938121,4629320.0,5.775,1.762,-13117.0,-13.85,132.0,153.0
   Central African Republic,CAF,2020,88546.0,country,False,2326720900.38047,462.879071294011,5026628.0,6.519,1.7615,6978.0,8.55,133.0,157.0
   Canada,CAN,1990,4333318.0,country,False,596075591360.987,21525.8611387148,27691138.0,,15.6488,,,9.0,42.0
   Canada,CAN,1995,4864778.0,country,False,605961090061.207,20679.634792669,29302311.0,9.489,16.602,531460.0,12.26,8.0,38.0
   Canada,CAN,2000,5511914.0,country,False,744773415931.587,24271.0020563821,30685730.0,6.829,17.9625,647136.0,13.3,7.0,37.0
   Canada,CAN,2005,6078985.0,country,False,1173118501402.87,36383.9671341396,32242732.0,6.758,18.8538,567071.0,10.29,6.0,37.0
   Canada,CAN,2010,6761226.0,country,False,1617349192091.46,47560.8378831258,34005902.0,8.178,19.8825,682241.0,11.22,8.0,36.0
   Canada,CAN,2015,7428657.0,country,False,1556510380200.23,43594.2379080706,35704498.0,6.945,20.8059,667431.0,9.87,8.0,37.0
   Canada,CAN,2020,8049323.0,country,False,1655686966881.99,43537.8981198851,38028638.0,9.657,21.1665,620666.0,8.36,8.0,38.0
   Switzerland,CHE,1990,1392282.0,country,False,269768238554.564,40170.8696758305,6715519.0,,20.7323,,,21.0,34.0
   Switzerland,CHE,1995,1478829.0,country,False,358152520084.567,50868.9734516769,7040687.0,3.094,21.004,86547.0,6.22,23.0,35.0
   Switzerland,CHE,2000,1570756.0,country,False,282327351965.893,39298.0968042444,7184250.0,2.658,21.8639,91927.0,6.22,22.0,33.0
   Switzerland,CHE,2005,1805437.0,country,False,424511048024.414,57080.0704338193,7437115.0,4.437,24.276,234681.0,14.94,24.0,31.0
   Switzerland,CHE,2010,2075182.0,country,False,609999593541.9,77956.1262043942,7824909.0,4.808,26.5202,269745.0,14.94,25.0,30.0
   Switzerland,CHE,2015,2258196.0,country,False,706199008878.656,85265.06205193,8282396.0,4.801,27.265,183014.0,8.82,26.0,31.0
   Switzerland,CHE,2020,2491249.0,country,False,756096180222.082,87529.7016394892,8638167.0,4.817,28.84,233053.0,10.32,27.0,31.0
   Chile,CHL,1990,107501.0,country,False,33428580448.2715,2487.76829657299,13437176.0,,0.8,,,113.0,176.0
   Chile,CHL,1995,142417.0,country,False,73820425701.6603,5081.4682771561,14527381.0,4.7,0.9803,34916.0,32.48,107.0,169.0
   Chile,CHL,2000,177332.0,country,False,78339750721.364,5052.99245766325,15503635.0,10.491,1.1438,34915.0,24.52,101.0,163.0
   Chile,CHL,2005,276360.0,country,False,122294145163.192,7480.32330998636,16348778.0,9.34,1.6904,99028.0,55.84,84.0,153.0
   Chile,CHL,2010,375388.0,country,False,217051209238.534,12632.8704724192,17181464.0,8.547,2.1848,99028.0,35.83,73.0,138.0
   Chile,CHL,2015,639724.0,country,False,242450355830.884,13433.9202987032,18047625.0,6.605,3.5446,264336.0,70.42,61.0,120.0
   Chile,CHL,2020,1645015.0,country,False,254103710483.324,13117.9930230086,19370624.0,10.934,8.4923,1005291.0,157.14,41.0,85.0
   China*,CHN,1990,376361.0,country,False,361560229445.507,318.50335359039,1135185000.0,,0.0332,,,67.0,210.0
   China*,CHN,1995,442198.0,country,False,738190896227.55,612.680277898627,1204855000.0,3.0,0.0367,65837.0,17.49,63.0,210.0
   China*,CHN,2000,508034.0,country,False,1223754919971.05,969.199513696287,1262645000.0,3.26,0.0402,65836.0,14.89,60.0,210.0
   China*,CHN,2005,678947.0,country,False,2317551298052.05,1777.64496828464,1303720000.0,4.52,0.0521,170913.0,33.64,50.0,211.0
   China*,CHN,2010,849861.0,country,False,6192564874453.29,4629.24551710077,1337705000.0,4.53,0.0635,170914.0,25.17,46.0,214.0
   China*,CHN,2015,978046.0,country,False,11280814787468.9,8175.33285077393,1379860000.0,4.65,0.0709,128185.0,15.08,48.0,213.0
   China*,CHN,2020,1039675.0,country,False,14996414166715.1,10627.4637989619,1411100000.0,5.0,0.0737,61629.0,6.3,54.0,213.0
   Côte d'Ivoire,CIV,1990,1816426.0,country,False,10795850582.779,885.647842214928,12189778.0,,14.9012,,,15.0,44.0
   Côte d'Ivoire,CIV,1995,2076394.0,country,False,11000146266.5135,740.4730999133,14855565.0,4.1,13.9772,259968.0,14.31,15.0,46.0
   Côte d'Ivoire,CIV,2000,2163644.0,country,False,16577533891.8785,936.636541348798,17699004.0,4.835,12.2247,87250.0,4.2,16.0,53.0
   Côte d'Ivoire,CIV,2005,2265090.0,country,False,24036918703.1747,1197.74616979415,20068458.0,6.023,11.2868,101446.0,4.69,18.0,61.0
   Côte d'Ivoire,CIV,2010,2366537.0,country,False,34936307980.063,1553.54887048143,22488065.0,6.607,10.5235,101447.0,4.48,21.0,73.0
   Côte d'Ivoire,CIV,2015,2470613.0,country,False,45815005169.2651,1814.71855088017,25246342.0,2.573,9.786,104076.0,4.4,25.0,80.0
   Côte d'Ivoire,CIV,2020,2564857.0,country,False,63027852805.4204,2179.72934832935,28915449.0,2.588,8.8702,94244.0,3.81,25.0,83.0
   Cameroon,CMR,1990,265967.0,country,False,12314482627.8454,1086.71700937081,11331821.0,,2.3471,,,85.0,137.0
   Cameroon,CMR,1995,244791.0,country,False,10864772470.9043,832.006674487689,13058516.0,8.598,1.8746,-21176.0,-7.96,83.0,149.0
   Cameroon,CMR,2000,227242.0,country,False,10566579294.9831,708.565731625965,14912631.0,7.533,1.5238,-17549.0,-7.17,89.0,153.0
   Cameroon,CMR,2005,265503.0,country,False,19509852206.9341,1142.62466252106,17074594.0,4.4,1.555,38261.0,16.84,87.0,156.0
   Cameroon,CMR,2010,291474.0,country,False,27507501821.0296,1398.58702025047,19668066.0,4.11,1.482,25971.0,9.78,86.0,157.0
   Cameroon,CMR,2015,508346.0,country,False,32210233020.4569,1415.00009710569,22763414.0,3.518,2.2332,216872.0,74.41,70.0,145.0
   Cameroon,CMR,2020,579209.0,country,False,40773241177.0505,1555.60370660749,26210558.0,3.881,2.2098,70863.0,13.94,72.0,149.0
   Democratic Republic of the Congo,COD,1990,754194.0,country,False,9349764580.41173,254.872656292509,36684063.0,,2.0559,,,40.0,146.0
   Democratic Republic of the Congo,COD,1995,1816963.0,country,False,5643439376.10491,127.008078734668,44433704.0,3.285,4.0892,1062769.0,140.91,17.0,107.0
   Democratic Republic of the Congo,COD,2000,744387.0,country,False,19088046305.7971,377.925421481395,50507442.0,3.245,1.4738,-1072576.0,-59.03,44.0,155.0
   Democratic Republic of the Congo,COD,2005,623009.0,country,False,12609728573.1032,214.539740473519,58775724.0,2.948,1.06,-121378.0,-16.31,55.0,167.0
   Democratic Republic of the Congo,COD,2010,589882.0,country,False,24161641931.0331,352.400398754692,68563038.0,4.098,0.8603,-33127.0,-5.32,58.0,176.0
   Democratic Republic of the Congo,COD,2015,810018.0,country,False,40179574490.3032,495.826633014883,81035531.0,4.441,0.9996,220136.0,37.32,53.0,175.0
   Democratic Republic of the Congo,COD,2020,952871.0,country,False,46691989748.9186,486.425572682256,95989998.0,5.355,0.9927,142853.0,17.64,56.0,172.0
   Congo,COG,1990,129391.0,country,False,2798746050.11354,1175.66709098428,2380560.0,,5.4353,,,102.0,91.0
   Congo,COG,1995,191635.0,country,False,2116003867.75536,769.606794842829,2749461.0,20.226,6.9699,62244.0,48.11,94.0,79.0
   Congo,COG,2000,305880.0,country,False,3227927697.57921,1024.30159109181,3151345.0,19.872,9.7063,114245.0,59.62,75.0,66.0
   Congo,COG,2005,318724.0,country,False,6650001680.48544,1799.05158366154,3696393.0,19.796,8.6226,12844.0,4.2,76.0,75.0
   Congo,COG,2010,425173.0,country,False,13148396211.5955,2946.55798067708,4462290.0,19.3,9.5281,106449.0,33.4,67.0,78.0
   Congo,COG,2015,390142.0,country,False,12434793867.3568,2439.35189403696,5097581.0,20.02,7.6535,-35031.0,-8.24,78.0,87.0
   Congo,COG,2020,387606.0,country,False,11468687464.0046,1993.586671931,5752791.0,22.286,6.7377,-2536.0,-0.65,87.0,96.0
   Colombia,COL,1990,104277.0,country,False,47844090709.9908,1474.8455285342,32440069.0,,0.3214,,,114.0,195.0
   Colombia,COL,1995,106943.0,country,False,92507279383.0387,2583.66576349858,35804662.0,8.72,0.2987,2666.0,2.56,116.0,194.0
   Colombia,COL,2000,109609.0,country,False,99875074951.0278,2555.00751039968,39089934.0,20.52,0.2804,2666.0,2.49,118.0,197.0
   Colombia,COL,2005,106523.0,country,False,145600529605.803,3456.06610874512,42128977.0,11.062,0.2528,-3086.0,-2.82,121.0,200.0
   Colombia,COL,2010,130309.0,country,False,286498534094.963,6398.2958447102,44777319.0,11.153,0.291,23786.0,22.33,115.0,203.0
   Colombia,COL,2015,159407.0,country,False,293492370193.166,6248.51490534512,46969940.0,8.572,0.3394,29098.0,22.33,116.0,202.0
   Colombia,COL,2020,1905393.0,country,False,270348342541.465,5339.68711357943,50629997.0,15.983,3.7634,1745986.0,1095.3,36.0,120.0
   Comoros,COM,1990,14079.0,country,False,401561021.549642,903.20430581841,444596.0,,3.1667,,,173.0,124.0
   Comoros,COM,1995,13939.0,country,False,392774713.634182,800.623567802959,490586.0,4.675,2.8413,-140.0,-0.99,175.0,128.0
   Comoros,COM,2000,13799.0,country,False,339504306.290689,633.309032776244,536080.0,4.4,2.5741,-140.0,-1.0,179.0,131.0
   Comoros,COM,2005,13209.0,country,False,655375095.906176,1105.78796866788,592677.0,4.527,2.2287,-590.0,-4.28,180.0,136.0
   Comoros,COM,2010,12618.0,country,False,907979446.419588,1386.57533553376,654836.0,4.19,1.9269,-591.0,-4.47,188.0,147.0
   Comoros,COM,2015,12555.0,country,False,966029600.862227,1329.37048235986,726682.0,4.031,1.7277,-63.0,-0.5,190.0,155.0
   Comoros,COM,2020,12496.0,country,False,1225039196.61091,1527.16991011916,802163.0,4.468,1.5578,-59.0,-0.47,191.0,161.0
   Cabo Verde,CPV,1990,8931.0,country,False,306890962.649533,817.442925539738,375428.0,,2.3789,,,182.0,136.0
   Cabo Verde,CPV,1995,9979.0,country,False,487148993.533109,1165.13832331934,418104.0,12.883,2.3867,1048.0,11.73,182.0,141.0
   Cabo Verde,CPV,2000,11027.0,country,False,539227277.626411,1189.51479345891,453317.0,13.024,2.4325,1048.0,10.5,183.0,134.0
   Cabo Verde,CPV,2005,12700.0,country,False,972241676.907662,2004.14680417563,485115.0,13.439,2.6179,1673.0,15.17,183.0,127.0
   Cabo Verde,CPV,2010,14373.0,country,False,1824751467.92957,3579.46006137809,509784.0,10.67,2.8194,1673.0,13.17,186.0,125.0
   Cabo Verde,CPV,2015,14924.0,country,False,1749857620.35329,3415.06266730931,512394.0,11.923,2.9126,551.0,3.83,187.0,128.0
   Cabo Verde,CPV,2020,15788.0,country,False,1821565613.68613,3539.22661248299,514679.0,14.65,3.0675,864.0,5.79,187.0,132.0
   Costa Rica,CRI,1990,417628.0,country,False,5711687786.75989,1829.6687089559,3121706.0,,13.3782,,,64.0,49.0
   Costa Rica,CRI,1995,364287.0,country,False,11578594332.7952,3275.25258510331,3535176.0,5.18,10.3046,-53341.0,-12.77,67.0,62.0
   Costa Rica,CRI,2000,310946.0,country,False,15013629579.1557,3812.75386183689,3937739.0,5.08,7.8966,-53341.0,-14.64,74.0,77.0
   Costa Rica,CRI,2005,358398.0,country,False,20040642420.6914,4703.00720463794,4261240.0,6.749,8.4107,47452.0,15.26,72.0,77.0
   Costa Rica,CRI,2010,405779.0,country,False,37658616965.6866,8265.78820580299,4555962.0,7.171,8.9065,47381.0,13.22,69.0,81.0
   Costa Rica,CRI,2015,411697.0,country,False,56441920888.425,11714.7106121672,4818038.0,8.415,8.5449,5918.0,1.46,76.0,83.0
   Costa Rica,CRI,2020,520729.0,country,False,62806591554.7345,12475.6852076814,5034320.0,16.432,10.3436,109032.0,26.48,77.0,80.0
   Cuba,CUB,1990,34555.0,country,False,28645436569.1489,2694.31697957692,10631799.0,,0.325,,,149.0,194.0
   Cuba,CUB,1995,26187.0,country,False,30429803651.2192,2785.24442954103,10925362.0,8.27,0.2397,-8368.0,-24.22,161.0,201.0
   Cuba,CUB,2000,18545.0,country,False,30565400000.0,2751.3817714814,11109109.0,5.45,0.1669,-7642.0,-29.18,173.0,205.0
   Cuba,CUB,2005,11693.0,country,False,42643836100.0,3786.33799225291,11262554.0,1.95,0.1038,-6852.0,-36.95,185.0,209.0
   Cuba,CUB,2010,7373.0,country,False,59562962962.963,5272.26755824835,11297409.0,2.5,0.0653,-4320.0,-36.95,196.0,213.0
   Cuba,CUB,2015,4649.0,country,False,87132800000.0,7727.91997207998,11275065.0,2.4,0.0412,-2724.0,-36.95,203.0,214.0
   Cuba,CUB,2020,3024.0,country,False,107352000000.0,9605.27914559614,11176354.0,2.233,0.0271,-1625.0,-34.95,209.0,214.0
   Curaçao*,CUW,1990,,territory,False,,,145400.0,,,,,,
   Curaçao*,CUW,1995,,territory,False,,,145139.0,,,,,,
   Curaçao*,CUW,2000,,territory,False,2120511229.05028,15841.2612359949,133860.0,,,,,,
   Curaçao*,CUW,2005,,territory,False,2344637262.56983,17032.3356620744,137658.0,,,,,,
   Curaçao*,CUW,2010,34630.0,territory,False,2951342793.29609,19847.2310127979,148703.0,,23.288,,,160.0,34.0
   Curaçao*,CUW,2015,37611.0,territory,False,3058779217.87709,19361.8130008678,157980.0,,23.8074,2981.0,8.61,164.0,35.0
   Curaçao*,CUW,2020,57210.0,territory,False,2534327597.76536,16299.8134688605,155482.0,,36.7953,19599.0,52.11,150.0,24.0
   Cayman Islands*,CYM,1990,9315.0,territory,False,,,25999.0,,35.8283,,,179.0,17.0
   Cayman Islands*,CYM,1995,12666.0,territory,False,,,32743.0,,38.6831,3351.0,35.97,179.0,16.0
   Cayman Islands*,CYM,2000,19176.0,territory,False,,,39674.0,,48.3339,6510.0,51.4,172.0,11.0
   Cayman Islands*,CYM,2005,20679.0,territory,False,,,46788.0,,44.1972,1503.0,7.84,172.0,15.0
   Cayman Islands*,CYM,2010,24062.0,territory,False,4156841107.36443,76837.6699636672,54099.0,,44.4777,3383.0,16.36,174.0,16.0
   Cayman Islands*,CYM,2015,26193.0,territory,False,4708167232.66893,76379.2095108681,61642.0,,42.4921,2131.0,8.86,174.0,19.0
   Cayman Islands*,CYM,2020,29242.0,territory,False,5655357984.24218,82338.7977439023,68684.0,,42.5747,3049.0,11.64,173.0,22.0
   Cyprus*,CYP,1990,43805.0,country,False,5591130217.66965,9641.5751953125,788351.0,,5.5565,,,139.0,90.0
   Cyprus*,CYP,1995,61941.0,country,False,9933137128.07244,15261.4169921875,862695.0,2.6,7.1799,18136.0,41.4,135.0,77.0
   Cyprus*,CYP,2000,80076.0,country,False,9985847313.85485,14388.3525390625,947667.0,4.766,8.4498,18135.0,29.28,128.0,72.0
   Cyprus*,CYP,2005,122849.0,country,False,18433412510.8817,24959.26171875,1036151.0,5.481,11.8563,42773.0,53.42,116.0,55.0
   Cyprus*,CYP,2010,188472.0,country,False,25799940416.0167,31105.02734375,1127816.0,6.359,16.7112,65623.0,53.42,105.0,38.0
   Cyprus*,CYP,2015,176693.0,country,False,19909269064.8473,23088.4296875,1219502.0,15.026,14.4889,-11779.0,-6.25,114.0,52.0
   Cyprus*,CYP,2020,190366.0,country,False,25555082266.6429,28130.330078125,1302247.0,7.755,14.6183,13673.0,7.74,114.0,55.0
   Czechia,CZE,1990,110394.0,country,False,41016881802.4843,3969.36733543794,10333355.0,,1.0683,,,112.0,164.0
   Czechia,CZE,1995,165592.0,country,False,60572381311.2283,5865.29460556726,10327253.0,4.082,1.6034,55198.0,50.0,101.0,154.0
   Czechia,CZE,2000,220789.0,country,False,62175642238.0847,6062.92152842793,10255063.0,8.764,2.153,55197.0,33.33,90.0,143.0
   Czechia,CZE,2005,322540.0,country,False,137264185596.1,13442.4916284309,10211216.0,7.927,3.1587,101751.0,46.09,75.0,119.0
   Czechia,CZE,2010,398493.0,country,False,211168667286.27,20160.4355077059,10474410.0,7.281,3.8044,75953.0,23.55,70.0,115.0
   Czechia,CZE,2015,416454.0,country,False,189107698561.919,17931.5987670768,10546059.0,5.048,3.9489,17961.0,4.51,74.0,113.0
   Czechia,CZE,2020,540921.0,country,False,251109660602.536,23472.8915454417,10697858.0,2.55,5.0563,124467.0,29.89,75.0,105.0
   Germany,DEU,1990,5936181.0,country,False,1778162195860.07,22385.6778250275,79433029.0,,7.4732,,,6.0,77.0
   Germany,DEU,1995,7464406.0,country,False,2593053091306.13,31747.2449398447,81678051.0,8.158,9.1388,1528225.0,25.74,3.0,69.0
   Germany,DEU,2000,8992631.0,country,False,1966980701145.1,23925.8559901991,82211508.0,7.917,10.9384,1528225.0,20.47,3.0,59.0
   Germany,DEU,2005,9402447.0,country,False,2893393187361.87,35084.4363546269,82469422.0,11.193,11.4011,409816.0,4.56,3.0,59.0
   Germany,DEU,2010,9812263.0,country,False,3467093769666.67,42396.9665976293,81776930.0,7.043,11.9988,409816.0,4.36,3.0,58.0
   Germany,DEU,2015,10220418.0,country,False,3425099578746.09,41929.7549110722,81686611.0,4.612,12.5117,408155.0,4.16,4.0,60.0
   Germany,DEU,2020,15762457.0,country,False,3941398957073.94,47394.8734504469,83160871.0,3.881,18.9542,5542039.0,54.23,2.0,42.0
   Djibouti,DJI,1990,122221.0,country,False,452328087.282876,780.497719360725,579538.0,,21.0894,,,105.0,33.0
   Djibouti,DJI,1995,99774.0,country,False,497723960.589913,786.201866748458,633074.0,27.303,15.7602,-22447.0,-18.37,119.0,41.0
   Djibouti,DJI,2000,100507.0,country,False,551230861.856505,737.612183644052,747318.0,26.664,13.449,733.0,0.73,120.0,44.0
   Djibouti,DJI,2005,92110.0,country,False,708633194.726566,844.4483573908,839167.0,26.448,10.9764,-8397.0,-8.35,124.0,62.0
   Djibouti,DJI,2010,102307.0,country,False,1128611700.3618,1213.23352553429,930251.0,26.368,10.9978,10197.0,11.07,123.0,69.0
   Djibouti,DJI,2015,112351.0,country,False,2424391785.43897,2376.12554719873,1020313.0,26.063,11.0114,10044.0,9.82,125.0,74.0
   Djibouti,DJI,2020,119738.0,country,False,3144136196.6228,2844.88810647853,1105188.0,27.701,10.8342,7387.0,6.57,125.0,76.0
   Dominica,DMA,1990,2519.0,country,False,201429629.62963,2892.9815966454,69627.0,,3.6178,,,206.0,118.0
   Dominica,DMA,1995,3121.0,country,False,274522222.222222,3951.72267086358,69469.0,,4.4927,602.0,23.9,204.0,101.0
   Dominica,DMA,2000,3723.0,country,False,333470370.37037,4867.39896323759,68511.0,,5.4342,602.0,19.29,202.0,93.0
   Dominica,DMA,2005,4744.0,country,False,391455555.555556,5695.22442394675,68734.0,,6.902,1021.0,27.42,199.0,84.0
   Dominica,DMA,2010,8110.0,country,False,519859259.259259,7549.61964680375,68859.0,,11.7777,3366.0,70.95,195.0,61.0
   Dominica,DMA,2015,8093.0,country,False,583177777.777778,8282.59874702141,70410.0,,11.4941,-17.0,-0.21,196.0,68.0
   Dominica,DMA,2020,8284.0,country,False,528944444.444444,7827.74842680426,67573.0,,12.2593,191.0,2.36,196.0,70.0
   Denmark*,DNK,1990,235189.0,country,False,138217740684.484,26885.6994188191,5140939.0,,4.5748,,,87.0,101.0
   Denmark*,DNK,1995,303108.0,country,False,184848481008.139,35321.0980773087,5233373.0,6.992,5.7918,67919.0,28.88,75.0,86.0
   Denmark*,DNK,2000,371026.0,country,False,164043817223.59,30722.0251837567,5339616.0,4.476,6.9486,67918.0,22.41,65.0,80.0
   Denmark*,DNK,2005,440383.0,country,False,265150087711.985,48925.8076698784,5419432.0,4.83,8.126,69357.0,18.69,64.0,80.0
   Denmark*,DNK,2010,500772.0,country,False,322345594075.47,58104.5445594981,5547683.0,7.746,9.0267,60389.0,13.71,63.0,79.0
   Denmark*,DNK,2015,595876.0,country,False,301758922337.637,53094.0133607574,5683483.0,6.278,10.4843,95104.0,18.99,65.0,79.0
   Denmark*,DNK,2020,717574.0,country,False,355631021931.621,60985.4885601514,5831404.0,5.644,12.3053,121698.0,20.42,67.0,69.0
   Dominican Republic,DOM,1990,291151.0,country,False,7073675544.79021,989.163941207659,7151166.0,,4.0714,,,79.0,109.0
   Dominican Republic,DOM,1995,323381.0,country,False,16637370839.1608,2109.16940728689,7888115.0,6.439,4.0996,32230.0,11.07,72.0,106.0
   Dominican Republic,DOM,2000,355611.0,country,False,24305780628.6677,2831.45883638033,8584190.0,6.432,4.1426,32230.0,9.97,67.0,102.0
   Dominican Republic,DOM,2005,375417.0,country,False,35777560683.9366,3878.31206735244,9225034.0,6.587,4.0695,19806.0,5.57,69.0,105.0
   Dominican Republic,DOM,2010,395479.0,country,False,53801053352.5005,5478.62470398954,9820175.0,5.212,4.0272,20062.0,5.34,72.0,114.0
   Dominican Republic,DOM,2015,549289.0,country,False,70966782572.4386,6800.95309395474,10434829.0,7.605,5.264,153810.0,38.89,67.0,99.0
   Dominican Republic,DOM,2020,603794.0,country,False,78546672406.8291,7135.22273255899,11008300.0,6.126,5.4849,54505.0,9.92,70.0,102.0
   Algeria,DZA,1990,273954.0,country,False,62048507531.3357,2445.18332740258,25375810.0,,1.0796,,,82.0,162.0
   Algeria,DZA,1995,262032.0,country,False,41764291671.7711,1466.94806760415,28470191.0,31.84,0.9204,-11922.0,-4.35,80.0,172.0
   Algeria,DZA,2000,250110.0,country,False,54790398570.3282,1772.92869122761,30903893.0,29.77,0.8093,-11922.0,-4.55,81.0,173.0
   Algeria,DZA,2005,197728.0,country,False,107046618669.707,3233.13339634212,33109249.0,15.27,0.5972,-52382.0,-20.94,101.0,184.0
   Algeria,DZA,2010,217268.0,country,False,177785053939.531,4912.78585503672,36188236.0,9.96,0.6004,19540.0,9.88,101.0,184.0
   Algeria,DZA,2015,239473.0,country,False,187493855609.345,4685.05902729002,40019529.0,11.206,0.5984,22205.0,10.22,102.0,189.0
   Algeria,DZA,2020,250378.0,country,False,164873415325.201,3743.5419522929,44042091.0,14.08,0.5685,10905.0,4.55,103.0,190.0
   Ecuador,ECU,1990,78663.0,country,False,15239272611.5809,1455.00748510871,10473673.0,,0.7511,,,121.0,179.0
   Ecuador,ECU,1995,115093.0,country,False,24432884442.2211,2108.00698245316,11590514.0,4.408,0.993,36430.0,46.31,113.0,168.0
   Ecuador,ECU,2000,151523.0,country,False,17539454727.3637,1382.23421759909,12689206.0,4.8,1.1941,36430.0,31.65,104.0,161.0
   Ecuador,ECU,2005,189893.0,country,False,40278849000.0,2909.02606014388,13846163.0,3.779,1.3714,38370.0,25.32,104.0,161.0
   Ecuador,ECU,2010,375253.0,country,False,68151329000.0,4520.30959039763,15076695.0,4.088,2.489,185360.0,97.61,74.0,133.0
   Ecuador,ECU,2015,387513.0,country,False,97209558000.0,5976.1596805651,16266225.0,3.616,2.3823,12260.0,3.27,79.0,139.0
   Ecuador,ECU,2020,784787.0,country,False,95865473000.0,5463.64515348598,17546065.0,6.116,4.4727,397274.0,102.52,65.0,112.0
   Egypt,EGY,1990,173833.0,country,False,42978914311.3504,735.982935028025,58396618.0,,0.2977,,,94.0,197.0
   Egypt,EGY,1995,166955.0,country,False,60159245060.4541,916.326617700876,65652622.0,11.04,0.2543,-6878.0,-3.96,100.0,200.0
   Egypt,EGY,2000,184774.0,country,False,99838543960.0763,1366.09274372613,73083284.0,8.98,0.2528,17819.0,10.67,99.0,198.0
   Egypt,EGY,2005,285006.0,country,False,89660339660.3397,1105.53920713903,81101004.0,11.049,0.3514,100232.0,54.25,81.0,192.0
   Egypt,EGY,2010,310017.0,country,False,218983666061.706,2455.08194645282,89196072.0,8.757,0.3476,25011.0,8.78,80.0,199.0
   Egypt,EGY,2015,353641.0,country,False,329366576819.407,3306.98159414141,99597342.0,13.052,0.3551,43624.0,14.07,86.0,199.0
   Egypt,EGY,2020,543937.0,country,False,383817841547.099,3511.11381026379,109315124.0,7.974,0.4976,190296.0,53.81,74.0,194.0
   Eritrea,ERI,1990,11848.0,country,False,,,2032737.0,,0.5829,,,176.0,181.0
   Eritrea,ERI,1995,12400.0,country,False,578015625.0,285.402184008331,2025267.0,5.349,0.6123,552.0,4.66,180.0,182.0
   Eritrea,ERI,2000,12952.0,country,False,706370815.584416,314.357396753501,2247031.0,5.656,0.5764,552.0,4.45,181.0,180.0
   Eritrea,ERI,2005,15905.0,country,False,1098424685.66169,412.753079199423,2661215.0,5.721,0.5977,2953.0,22.8,178.0,183.0
   Eritrea,ERI,2010,15813.0,country,False,1589515447.15447,539.699512069686,2945186.0,5.854,0.5369,-92.0,-0.58,185.0,188.0
   Eritrea,ERI,2015,15941.0,country,False,,,3105546.0,5.751,0.5133,128.0,0.81,186.0,190.0
   Eritrea,ERI,2020,13934.0,country,False,,,3291271.0,6.375,0.4234,-2007.0,-12.59,189.0,197.0
   Spain*,ESP,1990,821605.0,country,False,536175326477.31,13795.0159385128,38867322.0,,2.1139,,,36.0,143.0
   Spain*,ESP,1995,1020067.0,country,False,614170002668.802,15460.9110266653,39724050.0,22.675,2.5679,198462.0,24.16,31.0,137.0
   Spain*,ESP,2000,1657285.0,country,False,598102854756.08,14743.2671031455,40567864.0,13.785,4.0852,637218.0,62.47,21.0,105.0
   Spain*,ESP,2005,4107226.0,country,False,1154667551775.88,26450.9530130382,43653155.0,9.146,9.4088,2449941.0,147.83,11.0,73.0
   Spain*,ESP,2010,6280062.0,country,False,1427989078916.67,30658.7422282912,46576897.0,19.86,13.4832,2172836.0,52.9,9.0,53.0
   Spain*,ESP,2015,5891208.0,country,False,1206164777553.12,25982.4416197775,46422303.0,22.057,12.6905,-388854.0,-6.19,10.0,59.0
   Spain*,ESP,2020,6842202.0,country,False,1289783836971.21,27233.9426461608,47359424.0,15.532,14.4474,950994.0,16.14,10.0,56.0
   Estonia,EST,1990,381997.0,country,False,,,1569174.0,,24.3438,,,66.0,26.0
   Estonia,EST,1995,315755.0,country,False,4502970889.06373,3134.38975345407,1436634.0,9.659,21.9788,-66242.0,-17.34,74.0,32.0
   Estonia,EST,2000,249512.0,country,False,5686579747.53524,4070.60902410208,1396985.0,13.36,17.8608,-66243.0,-20.98,82.0,38.0
   Estonia,EST,2005,233701.0,country,False,14109491356.7964,10414.6381183565,1354775.0,8.033,17.2502,-15811.0,-6.34,94.0,38.0
   Estonia,EST,2010,217890.0,country,False,19524355419.038,14663.7041018705,1331475.0,16.707,16.3646,-15811.0,-6.77,99.0,39.0
   Estonia,EST,2015,194664.0,country,False,23311847750.9394,17722.1557669523,1315407.0,6.412,14.7988,-23226.0,-10.66,109.0,51.0
   Estonia,EST,2020,199277.0,country,False,31820771493.8974,23933.9939421065,1329522.0,6.956,14.9886,4613.0,2.37,109.0,54.0
   Ethiopia,ETH,1990,1155390.0,country,False,12478943895.1691,262.108971053707,47609755.0,,2.4268,,,28.0,135.0
   Ethiopia,ETH,1995,806904.0,country,False,7855205206.93405,136.523619088963,57537335.0,3.005,1.4024,-348486.0,-30.16,45.0,159.0
   Ethiopia,ETH,2000,611384.0,country,False,8242349617.8638,122.269202606069,67411494.0,3.499,0.9069,-195520.0,-24.23,53.0,170.0
   Ethiopia,ETH,2005,514451.0,country,False,12401139453.9738,158.243458082465,78367470.0,2.497,0.6565,-96933.0,-15.85,61.0,180.0
   Ethiopia,ETH,2010,568748.0,country,False,29933790334.3418,330.619412798644,90538514.0,2.295,0.6282,54297.0,10.55,61.0,183.0
   Ethiopia,ETH,2015,1161642.0,country,False,62103418181.8182,597.912113218663,103867135.0,2.442,1.1184,592894.0,104.25,43.0,171.0
   Ethiopia,ETH,2020,1085517.0,country,False,98676811061.9985,829.790982552951,118917671.0,3.998,0.9128,-76125.0,-6.55,50.0,177.0
   Finland*,FIN,1990,63255.0,country,False,141446120354.533,28366.204276071,4986431.0,,1.2685,,,130.0,157.0
   Finland*,FIN,1995,99729.0,country,False,134060457516.34,26246.2743214462,5107790.0,17.005,1.9525,36474.0,57.66,120.0,148.0
   Finland*,FIN,2000,136203.0,country,False,125967821110.589,24335.9225082659,5176209.0,11.134,2.6313,36474.0,36.57,109.0,129.0
   Finland*,FIN,2005,192169.0,country,False,204859368790.661,39049.8703780223,5246096.0,9.602,3.6631,55966.0,41.09,103.0,110.0
   Finland*,FIN,2010,228481.0,country,False,249429613683.334,46506.2919016566,5363352.0,8.394,4.26,36312.0,18.9,98.0,107.0
   Finland*,FIN,2015,314856.0,country,False,233210733506.25,42560.3456767103,5479531.0,9.376,5.746,86375.0,37.8,90.0,96.0
   Finland*,FIN,2020,386052.0,country,False,270000311606.226,48828.6846862799,5529543.0,7.759,6.9816,71196.0,22.61,89.0,94.0
   Fiji,FJI,1990,13283.0,country,False,1337017559.49728,1728.94076871199,773316.0,,1.7177,,,174.0,150.0
   Fiji,FJI,1995,13001.0,country,False,1970301486.20561,2466.74347815903,798746.0,4.651,1.6277,-282.0,-2.12,177.0,153.0
   Fiji,FJI,2000,12719.0,country,False,1678219507.89829,1995.72071163264,840909.0,4.697,1.5125,-282.0,-2.17,182.0,154.0
   Fiji,FJI,2005,12434.0,country,False,2980403844.72096,3377.69126953493,882379.0,3.886,1.4091,-285.0,-2.24,184.0,159.0
   Fiji,FJI,2010,13357.0,country,False,3140166712.79624,3449.14452883369,910419.0,4.345,1.4671,923.0,7.42,187.0,159.0
   Fiji,FJI,2015,13751.0,country,False,4682479893.97558,5097.53106864695,918578.0,4.288,1.497,394.0,2.95,188.0,159.0
   Fiji,FJI,2020,14087.0,country,False,4227719873.3865,4620.6457238014,914963.0,5.054,1.5396,336.0,2.44,188.0,162.0
   France*,FRA,1990,5897267.0,country,False,1257649439826.53,21586.4674617483,58261012.0,,10.1221,,,7.0,59.0
   France*,FRA,1995,6087993.0,country,False,1595219345511.89,26791.8151982369,59541294.0,11.834,10.2248,190726.0,3.23,6.0,64.0
   France*,FRA,2000,6278718.0,country,False,1360959069477.49,22340.5939516217,60918661.0,10.218,10.3067,190725.0,3.13,5.0,63.0
   France*,FRA,2005,6737600.0,country,False,2192146403028.17,34696.3718316971,63180854.0,8.882,10.664,458882.0,7.31,4.0,68.0
   France*,FRA,2010,7309986.0,country,False,2646230027988.34,40694.8211697025,65026211.0,9.279,11.2416,572386.0,8.5,6.0,66.0
   France*,FRA,2015,7878338.0,country,False,2442483452642.5,36702.4323733379,66548272.0,10.354,11.8385,568352.0,7.78,7.0,63.0
   France*,FRA,2020,8524876.0,country,False,2647926055110.05,39169.8606000707,67601110.0,8.009,12.6106,646538.0,8.21,7.0,65.0
   Faroe Islands*,FRO,1990,4285.0,territory,False,960805408.949872,20125.3725089519,47741.0,,8.9755,,,191.0,67.0
   Faroe Islands*,FRO,1995,2900.0,territory,False,901404709.830684,20669.2052425004,43611.0,,6.6497,-1385.0,-32.32,205.0,81.0
   Faroe Islands*,FRO,2000,3593.0,territory,False,1067109530.64798,23322.7593357515,45754.0,,7.8529,693.0,23.9,204.0,78.0
   Faroe Islands*,FRO,2005,4583.0,territory,False,1759739599.22694,36389.081644098,48359.0,,9.477,990.0,27.55,200.0,72.0
   Faroe Islands*,FRO,2010,5096.0,territory,False,2331796784.36009,47924.1364756678,48656.0,,10.4735,513.0,11.19,203.0,74.0
   Faroe Islands*,FRO,2015,5485.0,territory,False,2573905971.05459,52638.2668218454,48898.0,,11.2172,389.0,7.63,200.0,73.0
   Faroe Islands*,FRO,2020,6812.0,territory,False,3271813311.5831,62247.9273907098,52561.0,,12.9602,1327.0,24.19,199.0,64.0
   Micronesia (Fed. States of),FSM,1990,3685.0,country,False,147200000.0,1459.04369201491,100888.0,,3.6526,,,197.0,117.0
   Micronesia (Fed. States of),FSM,1995,3342.0,country,False,219930000.0,1995.19187154132,110230.0,,3.0318,-343.0,-9.31,202.0,124.0
   Micronesia (Fed. States of),FSM,2000,3116.0,country,False,229616800.0,2049.34490021777,112044.0,,2.7811,-226.0,-6.76,205.0,124.0
   Micronesia (Fed. States of),FSM,2005,2905.0,country,False,247000000.0,2216.9963738197,111412.0,,2.6074,-211.0,-6.77,206.0,128.0
   Micronesia (Fed. States of),FSM,2010,2806.0,country,False,292000000.0,2715.26873721406,107540.0,,2.6093,-99.0,-3.41,210.0,131.0
   Micronesia (Fed. States of),FSM,2015,2756.0,country,False,312000000.0,2869.86276169101,108716.0,,2.535,-50.0,-1.78,210.0,135.0
   Micronesia (Fed. States of),FSM,2020,2832.0,country,False,372902700.0,3362.02802120524,110916.0,,2.5533,76.0,2.76,210.0,143.0
   Gabon,GAB,1990,128188.0,country,False,5952293764.84777,6050.71468999523,983734.0,,13.0308,,,103.0,51.0
   Gabon,GAB,1995,171427.0,country,False,4958845648.04778,4414.8755828572,1123213.0,17.388,15.2622,43239.0,33.73,98.0,43.0
   Gabon,GAB,2000,214431.0,country,False,5080483628.53013,3982.906200928,1275572.0,17.848,16.8106,43004.0,25.09,93.0,40.0
   Gabon,GAB,2005,233824.0,country,False,9582783990.85345,6547.87613955186,1463495.0,16.91,15.9771,19393.0,9.04,93.0,40.0
   Gabon,GAB,2010,270829.0,country,False,14372593020.2885,8356.74662013345,1719879.0,20.39,15.747,37005.0,15.83,91.0,41.0
   Gabon,GAB,2015,378686.0,country,False,14383107762.6952,7047.12654634355,2040989.0,19.943,18.554,107857.0,39.82,82.0,39.0
   Gabon,GAB,2020,416651.0,country,False,15342236163.9943,6605.80346077904,2322539.0,21.279,17.9395,37965.0,10.03,83.0,44.0
   United Kingdom*,GBR,1990,3650286.0,country,False,1093169389204.55,19095.4669984608,57247586.0,,6.3763,,,12.0,81.0
   United Kingdom*,GBR,1995,4155293.0,country,False,1349094208616.06,23252.6157127423,58019030.0,8.694,7.1619,505007.0,13.83,9.0,78.0
   United Kingdom*,GBR,2000,4730165.0,country,False,1671597821152.97,28383.8761094996,58892514.0,5.558,8.0319,574872.0,13.83,9.0,75.0
   United Kingdom*,GBR,2005,5926156.0,country,False,2551361818181.82,42240.2462987547,60401206.0,4.884,9.8113,1195991.0,25.28,8.0,71.0
   United Kingdom*,GBR,2010,7119664.0,country,False,2496740681057.14,39778.3220528565,62766365.0,7.973,11.3431,1193508.0,20.14,7.0,64.0
   United Kingdom*,GBR,2015,8406996.0,country,False,2945579890258.46,45256.040227057,65087000.0,5.552,12.9166,1287332.0,18.08,5.0,58.0
   United Kingdom*,GBR,2020,9359587.0,country,False,2724001478304.59,40815.1255364787,66740000.0,4.472,14.024,952591.0,11.33,5.0,57.0
   Georgia*,GEO,1990,304470.0,country,False,7735927263.59261,1610.98027146868,4802000.0,,6.3405,,,76.0,83.0
   Georgia*,GEO,1995,152235.0,country,False,2693732611.81599,578.336923460866,4657722.0,7.6,3.2684,-152235.0,-50.0,103.0,117.0
   Georgia*,GEO,2000,76117.0,country,False,3057475335.18846,749.908534993961,4077131.0,10.82,1.8669,-76118.0,-50.0,130.0,149.0
   Georgia*,GEO,2005,71296.0,country,False,6410912049.87105,1642.78359414797,3902469.0,13.81,1.8269,-4821.0,-6.33,132.0,149.0
   Georgia*,GEO,2010,73078.0,country,False,12426907967.1578,3281.72930937343,3786695.0,20.203,1.9299,1782.0,2.5,137.0,146.0
   Georgia*,GEO,2015,76685.0,country,False,15223796148.8396,4086.6223465965,3725276.0,16.506,2.0585,3607.0,4.94,134.0,148.0
   Georgia*,GEO,2020,79368.0,country,False,16010869215.68,4300.85701291207,3722716.0,11.734,2.132,2683.0,3.5,137.0,152.0
   Ghana,GHA,1990,164851.0,country,False,5889106573.46088,382.54246368354,15394648.0,,1.0708,,,96.0,163.0
   Ghana,GHA,1995,252879.0,country,False,6464382807.67884,371.537243033836,17399017.0,6.484,1.4534,88028.0,53.4,82.0,158.0
   Ghana,GHA,2000,191601.0,country,False,4982850662.20851,253.746936203344,19637087.0,10.456,0.9757,-61278.0,-24.23,97.0,168.0
   Ghana,GHA,2005,309932.0,country,False,10744568381.4456,478.611909191028,22449438.0,5.816,1.3806,118331.0,61.76,77.0,160.0
   Ghana,GHA,2010,337766.0,country,False,32197655566.5347,1263.89251760539,25474995.0,5.384,1.3259,27834.0,8.98,76.0,163.0
   Ghana,GHA,2015,414744.0,country,False,49436806230.4839,1722.77282833606,28696068.0,6.806,1.4453,76978.0,22.79,75.0,160.0
   Ghana,GHA,2020,476412.0,country,False,70008243859.8666,2195.45481659987,31887809.0,3.178,1.494,61668.0,14.87,81.0,163.0
   Gibraltar*,GIB,1990,8709.0,territory,False,,,27200.0,,32.0184,,,183.0,20.0
   Gibraltar*,GIB,1995,8381.0,territory,False,,,27377.0,,30.6133,-328.0,-3.77,184.0,22.0
   Gibraltar*,GIB,2000,8054.0,territory,False,,,27709.0,,29.0664,-327.0,-3.9,189.0,27.0
   Gibraltar*,GIB,2005,9211.0,territory,False,,,29163.0,,31.5845,1157.0,14.37,190.0,24.0
   Gibraltar*,GIB,2010,10369.0,territory,False,,,31248.0,,33.1829,1158.0,12.57,191.0,23.0
   Gibraltar*,GIB,2015,11065.0,territory,False,,,33193.0,,33.3353,696.0,6.71,191.0,24.0
   Gibraltar*,GIB,2020,11190.0,territory,False,,,36173.0,,30.9347,125.0,1.13,193.0,27.0
   Guinea,GIN,1990,403621.0,country,False,3888320665.52218,604.304422702532,6434374.0,,6.2729,,,65.0,84.0
   Guinea,GIN,1995,774505.0,country,False,5385704166.43341,713.031460558683,7553249.0,4.494,10.2539,370884.0,91.89,46.0,63.0
   Guinea,GIN,2000,560075.0,country,False,4367458866.71537,518.157066924026,8428832.0,4.586,6.6448,-214430.0,-27.69,57.0,81.0
   Guinea,GIN,2005,233419.0,country,False,4282468636.90501,463.17768685098,9245844.0,4.814,2.5246,-326656.0,-58.32,95.0,132.0
   Guinea,GIN,2010,178762.0,country,False,6853467145.53089,659.235326211315,10396086.0,5.018,1.7195,-54657.0,-23.42,107.0,152.0
   Guinea,GIN,2015,126657.0,country,False,8794201742.84609,747.356966759448,11767070.0,5.15,1.0764,-52105.0,-29.15,123.0,173.0
   Guinea,GIN,2020,121437.0,country,False,14088693742.9464,1053.66097696415,13371183.0,6.007,0.9082,-5220.0,-4.12,124.0,178.0
   Gambia,GMB,1990,118123.0,country,False,317083695.477797,300.639895740381,1054696.0,,11.1997,,,108.0,56.0
   Gambia,GMB,1995,150890.0,country,False,785999864.840299,621.681391269646,1264313.0,10.153,11.9345,32767.0,27.74,104.0,52.0
   Gambia,GMB,2000,182514.0,country,False,782913871.80966,538.054072348854,1455084.0,9.722,12.5432,31624.0,20.96,100.0,49.0
   Gambia,GMB,2005,181839.0,country,False,1027701067.55688,616.483657865348,1667037.0,9.92,10.9079,-675.0,-0.37,105.0,63.0
   Gambia,GMB,2010,185837.0,country,False,1543294926.87301,801.033372714536,1926630.0,9.673,9.6457,3998.0,2.2,106.0,77.0
   Gambia,GMB,2015,192540.0,country,False,1378176608.93204,619.536364296461,2224529.0,7.226,8.6553,6703.0,3.61,110.0,82.0
   Gambia,GMB,2020,215659.0,country,False,1812170891.19069,720.335143352133,2515733.0,5.84,8.5724,23119.0,12.01,108.0,84.0
   Guinea-Bissau,GNB,1990,15368.0,country,False,634187269.235013,651.337640650994,973669.0,,1.5784,,,170.0,151.0
   Guinea-Bissau,GNB,1995,27961.0,country,False,660195402.013602,589.487023081945,1119949.0,3.126,2.4966,12593.0,81.94,158.0,139.0
   Guinea-Bissau,GNB,2000,20450.0,country,False,391345597.488269,316.945495037639,1234741.0,3.358,1.6562,-7511.0,-26.86,170.0,151.0
   Guinea-Bissau,GNB,2005,20902.0,country,False,639776040.688424,463.073962650452,1381585.0,3.184,1.5129,452.0,2.21,170.0,157.0
   Guinea-Bissau,GNB,2010,21391.0,country,False,940112538.936436,600.194298540768,1566347.0,3.121,1.3657,489.0,2.34,178.0,161.0
   Guinea-Bissau,GNB,2015,22333.0,country,False,1152384166.79638,645.066837207039,1786457.0,3.168,1.2501,942.0,4.4,180.0,164.0
   Guinea-Bissau,GNB,2020,17945.0,country,False,1705062169.81422,846.918134967613,2013255.0,2.887,0.8913,-4388.0,-19.65,186.0,179.0
   Equatorial Guinea,GNQ,1990,2740.0,country,False,112119411.489965,236.402188376265,474274.0,,0.5777,,,205.0,182.0
   Equatorial Guinea,GNQ,1995,3629.0,country,False,141853360.867855,248.314896208855,571264.0,7.16,0.6353,889.0,32.45,201.0,181.0
   Equatorial Guinea,GNQ,2000,4517.0,country,False,1045998496.43872,1487.3165506701,703279.0,7.444,0.6423,888.0,24.47,197.0,176.0
   Equatorial Guinea,GNQ,2005,6588.0,country,False,8217369092.65224,8673.9026086535,947367.0,7.667,0.6954,2071.0,45.85,194.0,175.0
   Equatorial Guinea,GNQ,2010,8658.0,country,False,16314443436.2903,13720.1658723222,1189085.0,7.847,0.7281,2070.0,31.42,193.0,179.0
   Equatorial Guinea,GNQ,2015,209611.0,country,False,13185496881.0174,9068.91003238645,1453923.0,7.778,14.4169,200953.0,2321.01,105.0,53.0
   Equatorial Guinea,GNQ,2020,230618.0,country,False,9893816007.7398,5764.05502912947,1716468.0,8.625,13.4356,21007.0,10.02,106.0,61.0
   Greece,GRC,1990,618139.0,country,False,96529587274.2906,9466.66238502174,10196792.0,,6.0621,,,49.0,86.0
   Greece,GRC,1995,857850.0,country,False,134974613913.811,12779.081491606,10562153.0,10.116,8.1219,239711.0,38.78,42.0,72.0
   Greece,GRC,2000,1111665.0,country,False,125760166224.805,11638.2010697215,10805808.0,11.345,10.2877,253815.0,29.59,33.0,64.0
   Greece,GRC,2005,1190707.0,country,False,242315668619.405,22054.1315756886,10987314.0,10.074,10.8371,79042.0,7.11,33.0,66.0
   Greece,GRC,2010,1321149.0,country,False,296417644404.034,26653.0488008626,11121341.0,12.719,11.8794,130442.0,10.96,37.0,60.0
   Greece,GRC,2015,1242924.0,country,False,194567373678.099,17980.7298238137,10820883.0,24.981,11.4863,-78225.0,-5.92,40.0,69.0
   Greece,GRC,2020,1340456.0,country,False,191362985554.861,17886.733165236,10698599.0,15.899,12.5293,97532.0,7.85,44.0,67.0
   Grenada,GRD,1990,4263.0,country,False,278098762.962963,2782.18396873619,99957.0,,4.2648,,,192.0,107.0
   Grenada,GRD,1995,5544.0,country,False,342172518.518519,3294.26988339657,103869.0,,5.3375,1281.0,30.05,192.0,90.0
   Grenada,GRD,2000,6825.0,country,False,520044370.37037,4839.82811114248,107451.0,,6.3517,1281.0,23.11,190.0,84.0
   Grenada,GRD,2005,6902.0,country,False,695555555.555555,6338.56011405358,109734.0,,6.2898,77.0,1.13,192.0,88.0
   Grenada,GRD,2010,6980.0,country,False,771014814.814815,6909.60169568597,111586.0,,6.2553,78.0,1.13,198.0,93.0
   Grenada,GRD,2015,7057.0,country,False,997007407.407407,8694.12438005692,114676.0,,6.1539,77.0,1.1,198.0,95.0
   Grenada,GRD,2020,7213.0,country,False,1043411111.11111,8968.55890108484,116341.0,,6.1999,156.0,2.21,198.0,98.0
   Greenland*,GRL,1990,9282.0,territory,False,1018977280.32928,18326.9295023252,55600.0,,16.6942,,,180.0,40.0
   Greenland*,GRL,1995,7121.0,territory,False,1208953287.06598,21665.8295173116,55800.0,,12.7616,-2161.0,-23.28,189.0,48.0
   Greenland*,GRL,2000,6601.0,territory,False,1068025016.00862,19009.0774407515,56185.0,,11.7487,-520.0,-7.3,191.0,54.0
   Greenland*,GRL,2005,6556.0,territory,False,1849802648.36391,32489.7277309899,56935.0,,11.5149,-45.0,-0.68,195.0,56.0
   Greenland*,GRL,2010,6091.0,territory,False,2503167187.49305,44277.1993400972,56534.0,,10.774,-465.0,-7.09,200.0,70.0
   Greenland*,GRL,2015,6009.0,territory,False,2499113022.81675,44536.3549705377,56114.0,,10.7086,-82.0,-1.35,199.0,77.0
   Greenland*,GRL,2020,5899.0,territory,False,3089625554.40473,54812.6661771023,56367.0,,10.4653,-110.0,-1.83,200.0,79.0
   Guatemala,GTM,1990,264257.0,country,False,7650196845.21546,847.688561830359,9024773.0,,2.9281,,,86.0,128.0
   Guatemala,GTM,1995,156188.0,country,False,14655404433.2771,1421.06177809796,10312996.0,2.117,1.5145,-108069.0,-40.9,102.0,155.0
   Guatemala,GTM,2000,48119.0,country,False,19288929030.0508,1648.96578971559,11697592.0,2.143,0.4114,-108069.0,-69.19,140.0,187.0
   Guatemala,GTM,2005,57214.0,country,False,26783389293.922,2046.46611650758,13087629.0,3.059,0.4372,9095.0,18.9,137.0,189.0
   Guatemala,GTM,2010,66386.0,country,False,40676578423.4871,2805.25960237322,14500112.0,3.497,0.4578,9172.0,16.03,139.0,191.0
   Guatemala,GTM,2015,74852.0,country,False,62186066547.6566,3893.50533299068,15971743.0,2.506,0.4687,8466.0,12.75,136.0,194.0
   Guatemala,GTM,2020,84311.0,country,False,77719468248.3666,4477.61785000665,17357325.0,2.965,0.4857,9459.0,12.64,135.0,195.0
   Guam*,GUM,1990,69755.0,territory,False,,,138610.0,,50.3247,,,127.0,10.0
   Guam*,GUM,1995,71912.0,territory,False,,,150054.0,7.9,47.9241,2157.0,3.09,129.0,11.0
   Guam*,GUM,2000,74070.0,territory,False,,,160065.0,15.32,46.275,2158.0,3.0,133.0,14.0
   Guam*,GUM,2005,74743.0,territory,False,4213000000.0,25631.9776108052,164365.0,7.0,45.4738,673.0,0.91,131.0,13.0
   Guam*,GUM,2010,75416.0,territory,False,4949000000.0,29719.7967836082,166522.0,8.2,45.2889,673.0,0.9,136.0,14.0
   Guam*,GUM,2015,76089.0,territory,False,5799000000.0,35165.7014644795,164905.0,6.9,46.1411,673.0,0.89,135.0,14.0
   Guam*,GUM,2020,80472.0,territory,False,5916000000.0,36482.9363953675,162158.0,6.241,49.6257,4383.0,5.76,136.0,15.0
   Guyana,GUY,1990,4095.0,country,False,396582263.291139,528.851095342994,749894.0,,0.5461,,,194.0,183.0
   Guyana,GUY,1995,6352.0,country,False,621626785.915493,819.668541584905,758388.0,11.566,0.8376,2257.0,55.12,191.0,174.0
   Guyana,GUY,2000,8610.0,country,False,712667896.727512,931.796651718955,764832.0,11.917,1.1257,2258.0,35.55,187.0,164.0
   Guyana,GUY,2005,10868.0,country,False,824880550.343965,1084.06541388904,760914.0,11.085,1.4283,2258.0,26.23,188.0,158.0
   Guyana,GUY,2010,8182.0,country,False,3432912516.92427,4581.76179693492,749256.0,11.632,1.092,-2686.0,-24.71,194.0,167.0
   Guyana,GUY,2015,8661.0,country,False,4279840193.7046,5640.41560569466,758781.0,13.009,1.1414,479.0,5.85,194.0,170.0
   Guyana,GUY,2020,31169.0,country,False,5471256594.72422,6775.70939096303,807481.0,15.308,3.86,22508.0,259.88,169.0,119.0
"   China, Hong Kong SAR*",HKG,1990,2218473.0,territory,False,76928784620.8158,13485.6314525052,5704500.0,,38.8899,,,14.0,15.0
"   China, Hong Kong SAR*",HKG,1995,2443798.0,territory,False,144652295363.667,23497.3920767477,6156100.0,3.22,39.6972,225325.0,10.16,14.0,15.0
"   China, Hong Kong SAR*",HKG,2000,2669122.0,territory,False,171668891194.349,25756.7728723704,6665000.0,4.92,40.0468,225324.0,9.22,13.0,16.0
"   China, Hong Kong SAR*",HKG,2005,2721235.0,territory,False,181569311742.213,26649.637724155,6813200.0,5.58,39.9406,52113.0,1.95,16.0,19.0
"   China, Hong Kong SAR*",HKG,2010,2779950.0,territory,False,228638668727.291,32550.136489179,7024200.0,4.329,39.5767,58715.0,2.16,18.0,19.0
"   China, Hong Kong SAR*",HKG,2015,2841113.0,territory,False,309385622601.348,42432.1619740441,7291300.0,3.314,38.9658,61163.0,2.2,22.0,21.0
"   China, Hong Kong SAR*",HKG,2020,2962492.0,territory,False,344943149590.058,46109.2299946609,7481000.0,5.808,39.6002,121379.0,4.27,21.0,23.0
   Honduras,HND,1990,270423.0,country,False,3734460116.73152,749.818113552631,4980488.0,,5.4296,,,83.0,92.0
   Honduras,HND,1995,149442.0,country,False,4672346193.95203,814.049075569071,5739637.0,3.24,2.6037,-120981.0,-44.74,105.0,135.0
   Honduras,HND,2000,28461.0,country,False,7186638029.05875,1092.56400746252,6577773.0,3.883,0.4327,-120981.0,-80.96,158.0,186.0
   Honduras,HND,2005,27934.0,country,False,9757012696.56212,1304.70039153826,7478355.0,4.909,0.3735,-527.0,-1.85,162.0,190.0
   Honduras,HND,2010,27288.0,country,False,15839344591.9842,1893.32722662035,8365878.0,4.119,0.3262,-646.0,-2.31,169.0,200.0
   Honduras,HND,2015,38330.0,country,False,20979791685.416,2271.20265980349,9237305.0,6.147,0.4149,11042.0,40.46,163.0,196.0
   Honduras,HND,2020,39195.0,country,False,23352232483.755,2307.61494319511,10119640.0,10.982,0.3873,865.0,2.26,164.0,198.0
   Croatia,HRV,1990,475438.0,country,False,25650213279.6781,5369.10978590681,4777368.0,,9.9519,,,57.0,60.0
   Croatia,HRV,1995,674085.0,country,False,22772224146.1503,4929.02083885825,4620030.0,10.007,14.5905,198647.0,41.78,50.0,44.0
   Croatia,HRV,2000,585298.0,country,False,22134069750.2586,4953.57515008131,4468302.0,16.064,13.0989,-88787.0,-13.17,54.0,45.0
   Croatia,HRV,2005,579273.0,country,False,45012776905.5255,10443.4484003498,4310145.0,12.598,13.4398,-6025.0,-1.03,59.0,49.0
   Croatia,HRV,2010,573248.0,country,False,58975127200.9948,13729.7472872883,4295427.0,11.62,13.3455,-6025.0,-1.04,60.0,54.0
   Croatia,HRV,2015,561093.0,country,False,50999271058.5849,12283.8750299177,4151725.0,16.15,13.5147,-12155.0,-2.12,66.0,56.0
   Croatia,HRV,2020,528056.0,country,False,57959824238.1808,14807.5559227544,3914206.0,7.389,13.4908,-33037.0,-5.89,76.0,60.0
   Haiti,HTI,1990,19084.0,country,False,3096289800.0,451.720249689216,6854441.0,,0.2784,,,167.0,199.0
   Haiti,HTI,1995,18129.0,country,False,2813313278.81082,372.006104665125,7562546.0,7.51,0.2397,-955.0,-5.0,171.0,201.0
   Haiti,HTI,2000,17222.0,country,False,6813566098.8675,820.600046761464,8303151.0,8.443,0.2074,-907.0,-5.0,175.0,203.0
   Haiti,HTI,2005,16360.0,country,False,7030149730.33692,775.845704056916,9061273.0,14.559,0.1805,-862.0,-5.01,177.0,204.0
   Haiti,HTI,2010,17182.0,country,False,11859312725.1448,1209.72733503094,9803294.0,15.244,0.1753,822.0,5.02,182.0,208.0
   Haiti,HTI,2015,18047.0,country,False,14849629308.6025,1411.12684746796,10523242.0,13.785,0.1715,865.0,5.03,185.0,208.0
   Haiti,HTI,2020,18884.0,country,False,14508222518.3018,1290.32538667383,11243848.0,15.573,0.1679,837.0,4.64,185.0,208.0
   Hungary,HUN,1990,347510.0,country,False,34478360678.756,3323.53967237633,10373988.0,,3.3498,,,71.0,123.0
   Hungary,HUN,1995,322234.0,country,False,46577614588.9926,4509.41740910077,10328965.0,10.168,3.1197,-25276.0,-7.27,73.0,121.0
   Hungary,HUN,2000,296957.0,country,False,47275954428.9586,4629.91760812548,10210971.0,6.563,2.9082,-25277.0,-7.84,77.0,121.0
   Hungary,HUN,2005,366787.0,country,False,113098237570.929,11212.2046968994,10087065.0,7.189,3.6362,69830.0,23.52,70.0,111.0
   Hungary,HUN,2010,436616.0,country,False,131898737241.166,13189.8433874768,10000023.0,11.172,4.3661,69829.0,19.04,65.0,103.0
   Hungary,HUN,2015,475508.0,country,False,125244126623.289,12782.9412577973,9797755.0,6.813,4.8532,38892.0,8.91,71.0,102.0
   Hungary,HUN,2020,584567.0,country,False,158468487754.196,16386.9308821258,9670419.0,4.248,6.0449,109059.0,22.94,71.0,99.0
   Indonesia,IDN,1990,465612.0,country,False,106140727333.636,578.420121135382,183501098.0,,0.2537,,,58.0,202.0
   Indonesia,IDN,1995,378960.0,country,False,202132028723.115,1011.22614205568,199888057.0,4.611,0.1896,-86652.0,-18.61,65.0,206.0
   Indonesia,IDN,2000,292307.0,country,False,165021012077.81,763.711124950924,216077790.0,6.077,0.1353,-86653.0,-22.87,79.0,208.0
   Indonesia,IDN,2005,289310.0,country,False,285868619196.085,1238.21447629488,230871650.0,7.945,0.1253,-2997.0,-1.03,80.0,208.0
   Indonesia,IDN,2010,307487.0,country,False,755094157621.936,3065.68348377765,246305322.0,5.614,0.1248,18177.0,6.28,83.0,211.0
   Indonesia,IDN,2015,338124.0,country,False,860854232686.214,3288.22269725538,261799249.0,4.514,0.1292,30637.0,9.96,88.0,210.0
   Indonesia,IDN,2020,355505.0,country,False,1059054842698.48,3853.70288774146,274814866.0,4.255,0.1294,17381.0,5.14,91.0,210.0
   Isle of Man*,IMN,1990,34769.0,territory,False,761514559.659091,11049.8949396235,68916.0,,50.4513,,,148.0,9.0
   Isle of Man*,IMN,1995,36886.0,territory,False,922269212.561149,12896.5252829716,71513.0,,51.5794,2117.0,6.09,148.0,9.0
   Isle of Man*,IMN,2000,39002.0,territory,False,1601050083.21985,21161.3963073772,75659.0,,51.5497,2116.0,5.74,147.0,10.0
   Isle of Man*,IMN,2005,41475.0,territory,False,3032411026.94919,38135.8597885858,79516.0,,52.1593,2473.0,6.34,147.0,12.0
   Isle of Man*,IMN,2010,43447.0,territory,False,5920369789.50182,70587.3140283741,83873.0,,51.8009,1972.0,4.75,152.0,13.0
   Isle of Man*,IMN,2015,42238.0,territory,False,7084800892.22284,84753.5187422732,83593.0,,50.5282,-1209.0,-2.78,156.0,13.0
   Isle of Man*,IMN,2020,43040.0,territory,False,6684225641.02564,79513.5330346598,84064.0,,51.1991,802.0,1.9,160.0,14.0
   India,IND,1990,7594801.0,country,False,320979026420.035,371.085936203765,864972221.0,,0.878,,,3.0,169.0
   India,IND,1995,6952238.0,country,False,360281909643.489,375.17600537305,960301044.0,7.57,0.724,-642563.0,-8.46,4.0,177.0
   India,IND,2000,6411331.0,country,False,468395521654.458,442.750218937263,1057922733.0,7.589,0.606,-540907.0,-7.78,4.0,177.0
   India,IND,2005,5936740.0,country,False,820383763511.445,710.488080408949,1154676322.0,7.551,0.5141,-474591.0,-7.4,7.0,185.0
   India,IND,2010,5574018.0,country,False,1675615519484.96,1347.51939071367,1243481564.0,7.631,0.4483,-362722.0,-6.11,12.0,192.0
   India,IND,2015,5210847.0,country,False,2103588360044.94,1583.99815907985,1328024498.0,7.629,0.3924,-363171.0,-6.52,12.0,198.0
   India,IND,2020,4878704.0,country,False,2674851578587.27,1907.04251637669,1402617695.0,7.859,0.3478,-332143.0,-6.37,14.0,201.0
   Ireland,IRL,1990,227961.0,country,False,49305632408.4929,14031.3025675469,3513974.0,,6.4873,,,88.0,80.0
   Ireland,IRL,1995,226892.0,country,False,69139823232.3232,19158.4564773907,3608841.0,11.97,6.2871,-1069.0,-0.47,87.0,84.0
   Ireland,IRL,2000,350552.0,country,False,100207610429.909,26334.5672050501,3805174.0,4.318,9.2125,123660.0,54.5,69.0,70.0
   Ireland,IRL,2005,589046.0,country,False,211876989655.907,50933.0216095589,4159914.0,4.237,14.1601,238494.0,68.03,58.0,46.0
   Ireland,IRL,2010,730542.0,country,False,221732824603.484,48623.9666422487,4560155.0,14.534,16.0201,141496.0,24.02,51.0,40.0
   Ireland,IRL,2015,759256.0,country,False,302101388556.271,64250.1385181257,4701957.0,9.908,16.1477,28714.0,3.93,56.0,43.0
   Ireland,IRL,2020,871256.0,country,False,436009027818.948,86514.0706108754,5039747.0,5.623,17.2877,112000.0,14.75,59.0,47.0
   Iran (Islamic Republic of),IRN,1990,4291601.0,country,False,124813263926.225,2137.94222739877,58380092.0,,7.3511,,,10.0,78.0
   Iran (Islamic Republic of),IRN,1995,2937668.0,country,False,96419225743.6737,1550.0095955025,62205567.0,9.904,4.7225,-1353933.0,-31.55,13.0,96.0
   Iran (Islamic Republic of),IRN,2000,2476469.0,country,False,109591707802.216,1650.01385833785,66418659.0,11.698,3.7286,-461199.0,-15.7,14.0,109.0
   Iran (Islamic Republic of),IRN,2005,2552206.0,country,False,224970371324.67,3132.0508192007,71828455.0,11.813,3.5532,75737.0,3.06,17.0,113.0
   Iran (Islamic Republic of),IRN,2010,2722397.0,country,False,487069570463.768,6291.19443655454,77420842.0,13.679,3.5164,170191.0,6.67,19.0,119.0
   Iran (Islamic Republic of),IRN,2015,2729939.0,country,False,409191686496.677,4952.73355532178,82619362.0,11.166,3.3042,7542.0,0.28,23.0,122.0
   Iran (Islamic Republic of),IRN,2020,2797235.0,country,False,280934329279.723,3202.50003502169,87723443.0,9.687,3.1887,67296.0,2.47,23.0,129.0
   Iraq,IRQ,1990,83638.0,country,False,180408064516.129,10261.4157706888,17581206.0,,0.4757,,,120.0,188.0
   Iraq,IRQ,1995,199460.0,country,False,12894029888.1122,619.135530927038,20825860.0,8.431,0.9578,115822.0,138.48,93.0,170.0
   Iraq,IRQ,2000,210525.0,country,False,48364250943.9051,1980.18916038782,24424056.0,8.038,0.862,11065.0,5.55,95.0,172.0
   Iraq,IRQ,2005,134863.0,country,False,50065104667.8159,1762.39360423421,28407448.0,8.57,0.4747,-75662.0,-35.94,112.0,186.0
   Iraq,IRQ,2010,120466.0,country,False,138516722649.573,4461.75196161555,31045366.0,8.267,0.388,-14397.0,-10.68,120.0,196.0
   Iraq,IRQ,2015,359352.0,country,False,166774104959.102,4440.14189252367,37560535.0,10.865,0.9567,238886.0,198.3,85.0,176.0
   Iraq,IRQ,2020,365766.0,country,False,180898797516.874,4295.18945121228,42116605.0,15.766,0.8685,6414.0,1.78,90.0,180.0
   Iceland,ISL,1990,9584.0,country,False,6694851159.32729,26272.2452156659,254826.0,,3.761,,,178.0,116.0
   Iceland,ISL,1995,12738.0,country,False,7372640168.67697,27564.569102386,267468.0,5.196,4.7624,3154.0,32.91,178.0,95.0
   Iceland,ISL,2000,15892.0,country,False,9140168922.35677,32503.578963236,281205.0,1.936,5.6514,3154.0,24.76,176.0,91.0
   Iceland,ISL,2005,25492.0,country,False,17146410560.5279,57783.7745608117,296734.0,2.547,8.5909,9600.0,60.41,164.0,76.0
   Iceland,ISL,2010,35091.0,country,False,13922711576.5124,43776.4677400475,318041.0,7.564,11.0335,9599.0,37.65,159.0,67.0
   Iceland,ISL,2015,39072.0,country,False,17700486957.1907,53505.6964079339,330815.0,3.979,11.8108,3981.0,11.34,161.0,64.0
   Iceland,ISL,2020,65424.0,country,False,22034665040.7901,60127.9393575616,366463.0,5.478,17.8528,26352.0,67.44,145.0,45.0
   Israel,ISR,1990,1632704.0,country,False,61978459022.3391,13300.0985026479,4660000.0,,35.0366,,,18.0,18.0
   Israel,ISR,1995,1792185.0,country,False,105432315611.198,19013.94330229,5545000.0,8.782,32.3207,159481.0,9.77,18.0,20.0
   Israel,ISR,2000,1851309.0,country,False,136409902631.643,21690.237340061,6289000.0,11.102,29.4373,59124.0,3.3,19.0,26.0
   Israel,ISR,2005,1889503.0,country,False,147346035831.272,21261.7474251846,6930100.0,11.342,27.2652,38194.0,2.06,23.0,29.0
   Israel,ISR,2010,1956190.0,country,False,239372857534.485,31398.9266927022,7623600.0,8.48,25.6597,66687.0,3.53,26.0,31.0
   Israel,ISR,2015,2011727.0,country,False,302841190257.708,36138.13561386,8380100.0,5.176,24.006,55537.0,2.84,29.0,34.0
   Israel,ISR,2020,1953575.0,country,False,410908899711.272,44590.8237253282,9215100.0,4.169,21.1997,-58152.0,-2.89,35.0,37.0
   Italy,ITA,1990,1428219.0,country,False,1183945130898.51,20873.7834092719,56719240.0,,2.5181,,,19.0,134.0
   Italy,ITA,1995,1774954.0,country,False,1177369428265.78,20712.1798690324,56844303.0,11.661,3.1225,346735.0,24.28,19.0,120.0
   Italy,ITA,2000,2121688.0,country,False,1149661363439.38,20190.0035636084,56942108.0,10.834,3.726,346734.0,19.53,17.0,110.0
   Italy,ITA,2005,3954790.0,country,False,1864982261286.85,32062.723833669,58166682.0,7.73,6.7991,1833102.0,86.4,12.0,85.0
   Italy,ITA,2010,5787893.0,country,False,2144936254535.0,35856.8625485539,59819407.0,8.363,9.6756,1833103.0,46.35,11.0,76.0
   Italy,ITA,2015,5805328.0,country,False,1845428048839.1,30639.8829751432,60229605.0,11.896,9.6387,17435.0,0.3,11.0,81.0
   Italy,ITA,2020,6386998.0,country,False,1907481094079.23,32091.4866621366,59438851.0,9.192,10.7455,581670.0,10.02,11.0,78.0
   Jamaica,JAM,1990,20475.0,country,False,4592208086.69235,1929.59891905857,2379877.0,,0.8603,,,165.0,173.0
   Jamaica,JAM,1995,22713.0,country,False,6577520642.82297,2630.84935382822,2500151.0,6.325,0.9085,2238.0,10.93,164.0,173.0
   Jamaica,JAM,2000,24952.0,country,False,9005064474.93003,3453.09252800226,2607826.0,6.752,0.9568,2239.0,9.86,163.0,169.0
   Jamaica,JAM,2005,24284.0,country,False,11243865777.7131,4184.43974867497,2687066.0,6.577,0.9037,-668.0,-2.68,167.0,170.0
   Jamaica,JAM,2010,23677.0,country,False,13220549908.2494,4809.977380312,2748568.0,7.63,0.8614,-607.0,-2.5,175.0,175.0
   Jamaica,JAM,2015,23165.0,country,False,14963589915.5912,5339.30718256806,2802534.0,8.825,0.8266,-512.0,-2.16,178.0,180.0
   Jamaica,JAM,2020,23629.0,country,False,15000214216.2439,5299.04530804283,2830739.0,6.501,0.8347,464.0,2.0,179.0,181.0
   Jordan,JOR,1990,1146349.0,country,False,4160087507.83472,1148.59005469899,3621908.0,,31.6504,,,29.0,21.0
   Jordan,JOR,1995,1537097.0,country,False,6727597031.96347,1415.71151592128,4752096.0,14.6,32.3457,390748.0,34.09,21.0,19.0
   Jordan,JOR,2000,1927845.0,country,False,8460789844.8519,1570.61002940477,5386945.0,13.7,35.7874,390748.0,25.42,18.0,18.0
   Jordan,JOR,2005,2198740.0,country,False,12588998589.5628,2087.87079273635,6029587.0,14.8,36.4658,270895.0,14.05,19.0,20.0
   Jordan,JOR,2010,2786853.0,country,False,30202773521.1268,4139.04283161368,7297043.0,12.5,38.1915,588113.0,26.75,17.0,20.0
   Jordan,JOR,2015,3166961.0,country,False,42394049295.7747,4441.61896013754,9544729.0,13.075,33.1802,380108.0,13.64,20.0,25.0
   Jordan,JOR,2020,3457691.0,country,False,47931770985.9155,4411.48321838396,10865228.0,19.213,31.8235,290730.0,9.18,18.0,26.0
   Japan,JPN,1990,1075317.0,country,False,3252994239867.4,26344.7273187725,123478000.0,,0.8709,,,32.0,171.0
   Japan,JPN,1995,1362371.0,country,False,5639649753985.77,44947.4763611465,125472000.0,3.15,1.0858,287054.0,26.69,24.0,165.0
   Japan,JPN,2000,1686444.0,country,False,5042381838343.44,39752.937397755,126843000.0,4.748,1.3296,324073.0,23.79,20.0,158.0
   Japan,JPN,2005,2011555.0,country,False,4875648486366.14,38158.6758263963,127773000.0,4.446,1.5743,325111.0,19.28,21.0,155.0
   Japan,JPN,2010,2134151.0,country,False,5811578109447.07,45378.1378109399,128070000.0,5.102,1.6664,122596.0,6.09,23.0,154.0
   Japan,JPN,2015,2232189.0,country,False,4534438580494.94,35664.6446110613,127141000.0,3.385,1.7557,98038.0,4.59,27.0,154.0
   Japan,JPN,2020,2770996.0,country,False,5189197543645.38,41098.9739004553,126261000.0,2.809,2.1947,538807.0,24.14,24.0,150.0
   Kazakhstan,KAZ,1990,3619200.0,country,False,26932016269.6107,1570.00883112591,17154054.0,,21.0982,,,13.0,32.0
   Kazakhstan,KAZ,1995,3251968.0,country,False,20374302652.3819,1217.79138769863,16730536.0,10.98,19.4373,-367232.0,-10.15,12.0,37.0
   Kazakhstan,KAZ,2000,2874194.0,country,False,18291990662.0356,1180.0444563226,15501103.0,12.75,18.5419,-377774.0,-11.62,12.0,35.0
   Kazakhstan,KAZ,2005,3103027.0,country,False,57123671733.8952,3577.35804001782,15968117.0,8.13,19.4326,228833.0,7.96,15.0,36.0
   Kazakhstan,KAZ,2010,3334937.0,country,False,148047348240.643,8793.07589980782,16836810.0,5.77,19.8074,231910.0,7.47,15.0,37.0
   Kazakhstan,KAZ,2015,3546060.0,country,False,184388404706.042,10196.1226255982,18084169.0,4.93,19.6086,211123.0,6.33,15.0,38.0
   Kazakhstan,KAZ,2020,3732073.0,country,False,171082365861.423,8781.50797787648,19482117.0,4.89,19.1564,186013.0,5.25,15.0,41.0
   Kenya,KEN,1990,298089.0,country,False,8572359038.16958,374.458992895562,22892651.0,,1.3021,,,78.0,155.0
   Kenya,KEN,1995,618745.0,country,False,9046320255.40507,340.064842175429,26601751.0,2.848,2.326,320656.0,107.57,51.0,144.0
   Kenya,KEN,2000,707852.0,country,False,12705350097.8044,414.626365130846,30642890.0,2.884,2.31,89107.0,14.4,46.0,136.0
   Kenya,KEN,2005,773354.0,country,False,18737895512.7378,523.456312433863,35796484.0,2.739,2.1604,65502.0,9.25,43.0,137.0
   Kenya,KEN,2010,954925.0,country,False,45405615063.7551,1091.51873101194,41598567.0,2.793,2.2956,181571.0,23.48,43.0,137.0
   Kenya,KEN,2015,1126886.0,country,False,70120446896.8359,1489.11959777284,47088526.0,2.762,2.3931,171961.0,18.01,44.0,138.0
   Kenya,KEN,2020,1050147.0,country,False,100657505750.545,1927.66459027849,52217334.0,5.613,2.0111,-76739.0,-6.81,53.0,153.0
   Kyrgyzstan,KGZ,1990,623083.0,country,False,2660202622.91006,605.798144966488,4391236.0,,14.1892,,,48.0,47.0
   Kyrgyzstan,KGZ,1995,518338.0,country,False,1661147035.24388,364.250365258345,4560454.0,1.539,11.3659,-104745.0,-16.81,58.0,56.0
   Kyrgyzstan,KGZ,2000,389824.0,country,False,1369688498.06778,279.621738464365,4898362.0,2.143,7.9583,-128514.0,-24.79,64.0,76.0
   Kyrgyzstan,KGZ,2005,309399.0,country,False,2460246766.41401,476.548193640077,5162640.0,2.816,5.993,-80425.0,-20.63,78.0,92.0
   Kyrgyzstan,KGZ,2010,232065.0,country,False,4794361863.01353,876.954476440354,5467059.0,3.503,4.2448,-77334.0,-24.99,96.0,108.0
   Kyrgyzstan,KGZ,2015,204382.0,country,False,6678177511.66313,1105.65193844261,6040036.0,4.138,3.3838,-27683.0,-11.93,106.0,121.0
   Kyrgyzstan,KGZ,2020,199011.0,country,False,8270468614.24051,1229.51766602907,6726596.0,5.945,2.9586,-5371.0,-2.63,110.0,134.0
   Cambodia,KHM,1990,38375.0,country,False,1402541176.5121,190.181470036159,7374752.0,,0.5204,,,145.0,186.0
   Cambodia,KHM,1995,92230.0,country,False,3441205692.9166,343.485224671585,10018497.0,0.973,0.9206,53855.0,140.34,124.0,171.0
   Cambodia,KHM,2000,146085.0,country,False,3694168979.32019,296.426687526334,12462336.0,0.745,1.1722,53855.0,58.39,105.0,162.0
   Cambodia,KHM,2005,114096.0,country,False,7066296463.3598,525.797325120926,13439202.0,1.061,0.849,-31989.0,-21.9,117.0,171.0
   Cambodia,KHM,2010,82028.0,country,False,13808673288.0696,952.274616324008,14500726.0,0.771,0.5657,-32068.0,-28.11,130.0,187.0
   Cambodia,KHM,2015,73962.0,country,False,24174170369.0738,1547.32010444393,15623251.0,0.393,0.4734,-8066.0,-9.83,137.0,193.0
   Cambodia,KHM,2020,79341.0,country,False,34818073901.4851,2081.73914242939,16725474.0,0.172,0.4744,5379.0,7.27,138.0,196.0
   Kiribati,KIR,1990,2162.0,country,False,36534294.7991591,488.067527876014,74855.0,,2.8883,,,208.0,130.0
   Kiribati,KIR,1995,2223.0,country,False,68596394.6026524,844.429605862723,81234.0,,2.7365,61.0,2.82,208.0,131.0
   Kiribati,KIR,2000,2283.0,country,False,74910527.2586758,845.367240231973,88613.0,,2.5764,60.0,2.7,208.0,130.0
   Kiribati,KIR,2005,2487.0,country,False,113895437.324786,1161.78341739977,98035.0,,2.5368,204.0,8.94,208.0,131.0
   Kiribati,KIR,2010,2868.0,country,False,165458433.127645,1522.10068744154,108704.0,,2.6384,381.0,15.32,209.0,129.0
   Kiribati,KIR,2015,2919.0,country,False,191559398.688293,1639.85274740652,116815.0,,2.4988,51.0,1.78,209.0,136.0
   Kiribati,KIR,2020,3126.0,country,False,220909306.750809,1751.87199542272,126099.0,,2.479,207.0,7.09,208.0,145.0
   Saint Kitts and Nevis,KNA,1990,3210.0,country,False,217259259.259259,5373.44824048425,40432.0,,7.9393,,,201.0,74.0
   Saint Kitts and Nevis,KNA,1995,4248.0,country,False,313485185.185185,7406.44486096454,42326.0,,10.0364,1038.0,32.34,197.0,65.0
   Saint Kitts and Nevis,KNA,2000,5871.0,country,False,421695769.843918,9319.65545093525,45248.0,,12.9752,1623.0,38.21,196.0,47.0
   Saint Kitts and Nevis,KNA,2005,6682.0,country,False,547203703.703704,11783.7867154145,46437.0,,14.3894,811.0,13.81,193.0,45.0
   Saint Kitts and Nevis,KNA,2010,7245.0,country,False,778718518.518518,16622.9457908577,46846.0,,15.4656,563.0,8.43,197.0,43.0
   Saint Kitts and Nevis,KNA,2015,7443.0,country,False,957222222.222222,20328.8003530109,47087.0,,15.8069,198.0,2.73,197.0,45.0
   Saint Kitts and Nevis,KNA,2020,7725.0,country,False,883922222.222222,18859.0190361046,46870.0,,16.4818,282.0,3.79,197.0,48.0
   Republic of Korea,KOR,1990,43247.0,country,False,292064221388.988,6812.9019416767,42869283.0,,0.1009,,,140.0,208.0
   Republic of Korea,KOR,1995,123886.0,country,False,586286469400.665,13001.7205867019,45092991.0,2.063,0.2747,80639.0,186.46,111.0,197.0
   Republic of Korea,KOR,2000,244224.0,country,False,597487173479.109,12710.2995795579,47008111.0,4.063,0.5195,120338.0,97.14,84.0,184.0
   Republic of Korea,KOR,2005,486065.0,country,False,971740329983.878,20167.0474902506,48184561.0,3.482,1.0088,241841.0,99.02,62.0,168.0
   Republic of Korea,KOR,2010,919987.0,country,False,1192830015737.68,24071.2620526362,49554112.0,3.324,1.8565,433922.0,89.27,45.0,149.0
   Republic of Korea,KOR,2015,1370905.0,country,False,1539212301135.55,30171.7906545222,51014947.0,3.546,2.6873,450918.0,49.01,39.0,133.0
   Republic of Korea,KOR,2020,1728182.0,country,False,1744070276373.34,33645.7719545073,51836239.0,3.931,3.3339,357277.0,26.06,38.0,128.0
   Kuwait,KWT,1990,1074391.0,country,False,18427777777.7778,10937.5415268808,1684819.0,,63.7689,,,33.0,5.0
   Kuwait,KWT,1995,921954.0,country,False,27186980646.5448,16168.165602374,1681513.0,0.694,54.8288,-152437.0,-14.19,39.0,8.0
   Kuwait,KWT,2000,1127640.0,country,False,37718743480.0751,19296.3471698729,1954709.0,0.8,57.6884,205686.0,22.31,31.0,6.0
   Kuwait,KWT,2005,1333530.0,country,False,80798630136.9863,36122.6142741227,2236788.0,1.455,59.6181,205890.0,18.26,29.0,7.0
   Kuwait,KWT,2010,1874812.0,country,False,115416245241.742,39212.252220155,2943372.0,1.82,63.6961,541282.0,40.59,27.0,6.0
   Kuwait,KWT,2015,2866136.0,country,False,114585555688.511,29882.2126495698,3834574.0,2.2,74.7446,991324.0,52.88,21.0,2.0
   Kuwait,KWT,2020,3110159.0,country,False,111045470605.715,25236.0755848941,4400267.0,3.489,70.6811,244023.0,8.51,20.0,3.0
   Lao People's Democratic Republic,LAO,1990,22866.0,country,False,865559879.400406,200.7349054896,4311955.0,,0.5303,,,162.0,185.0
   Lao People's Democratic Republic,LAO,1995,23526.0,country,False,1763536304.53964,357.758162193406,4929409.0,2.6,0.4773,660.0,2.89,162.0,186.0
   Lao People's Democratic Republic,LAO,2000,21948.0,country,False,1731198022.46763,318.749852236965,5431212.0,2.045,0.4041,-1578.0,-6.71,167.0,188.0
   Lao People's Democratic Republic,LAO,2005,20371.0,country,False,2735558734.7379,466.061506997741,5869523.0,1.35,0.3471,-1577.0,-7.19,173.0,193.0
   Lao People's Democratic Republic,LAO,2010,32955.0,country,False,7131771014.70456,1125.91610151261,6334194.0,0.708,0.5203,12584.0,61.77,163.0,189.0
   Lao People's Democratic Republic,LAO,2015,45538.0,country,False,14426380125.6488,2121.01339097363,6801645.0,2.006,0.6695,12583.0,38.18,153.0,185.0
   Lao People's Democratic Republic,LAO,2020,48731.0,country,False,18981805250.2424,2583.77730696131,7346533.0,2.349,0.6633,3193.0,7.01,157.0,185.0
   Lebanon,LBN,1990,523693.0,country,False,2838485353.96187,789.526338484738,3595175.0,,14.5666,,,54.0,46.0
   Lebanon,LBN,1995,608303.0,country,False,11718795528.5556,2958.74263957462,3960735.0,8.421,15.3583,84610.0,16.16,52.0,42.0
   Lebanon,LBN,2000,692913.0,country,False,17260364842.4544,3986.83513941026,4329340.0,8.641,16.005,84610.0,13.91,47.0,41.0
   Lebanon,LBN,2005,742243.0,country,False,21497336498.8391,4602.19804637945,4671102.0,8.249,15.8901,49330.0,7.12,46.0,41.0
   Lebanon,LBN,2010,793191.0,country,False,38443907042.1227,7625.81051551165,5041288.0,6.768,15.7339,50948.0,6.86,49.0,42.0
   Lebanon,LBN,2015,1916259.0,country,False,49929337836.8159,7714.1099998804,6472469.0,9.312,29.6063,1123068.0,141.59,31.0,28.0
   Lebanon,LBN,2020,1712762.0,country,False,31712128253.7961,5561.19166950397,5702398.0,13.252,30.0358,-203497.0,-10.62,40.0,29.0
   Liberia,LBR,1990,94964.0,country,False,384400000.0,172.867610123278,2223667.0,,4.2706,,,118.0,106.0
   Liberia,LBR,1995,208563.0,country,False,134800000.0,62.1438140627579,2169162.0,2.588,9.6149,113599.0,119.62,90.0,67.0
   Liberia,LBR,2000,151868.0,country,False,874000000.0,298.485340578945,2928117.0,2.018,5.1865,-56695.0,-27.18,103.0,95.0
   Liberia,LBR,2005,87217.0,country,False,949000000.0,287.487333441381,3301015.0,2.413,2.6421,-64651.0,-42.57,126.0,126.0
   Liberia,LBR,2010,99165.0,country,False,1998000000.0,492.252808033724,4058890.0,2.266,2.4432,11948.0,13.7,126.0,134.0
   Liberia,LBR,2015,112111.0,country,False,3227075700.0,692.590082351257,4659431.0,2.557,2.4061,12946.0,13.06,126.0,137.0
   Liberia,LBR,2020,87947.0,country,False,3176126300.0,616.787867006715,5149463.0,4.102,1.7079,-24164.0,-21.55,134.0,158.0
   Libya,LBY,1990,457075.0,country,False,28904183602.4818,6502.27886565421,4445239.0,,10.2823,,,59.0,58.0
   Libya,LBY,1995,508041.0,country,False,25541379186.6458,5205.25706378741,4906843.0,19.331,10.3537,50966.0,11.15,59.0,61.0
   Libya,LBY,2000,567436.0,country,False,38270954138.1128,7214.10040377084,5305021.0,19.275,10.6962,59395.0,11.69,56.0,62.0
   Libya,LBY,2005,625412.0,country,False,47334691241.4924,8079.24957329001,5858798.0,18.66,10.6747,57976.0,10.22,54.0,67.0
   Libya,LBY,2010,687192.0,country,False,75380825062.4216,11600.9068649472,6497839.0,19.321,10.5757,61780.0,9.88,52.0,72.0
   Libya,LBY,2015,771146.0,country,False,48717501321.3052,7458.48917756374,6531819.0,19.69,11.806,83954.0,12.22,55.0,65.0
   Libya,LBY,2020,826537.0,country,False,46854285440.642,6650.33810585348,7045399.0,19.651,11.7316,55391.0,7.18,62.0,72.0
   Saint Lucia,LCA,1990,5305.0,country,False,579629629.62963,4204.57161863111,137857.0,,3.8482,,,189.0,114.0
   Saint Lucia,LCA,1995,7155.0,country,False,762962962.962963,5147.92024022295,148208.0,15.83,4.8277,1850.0,34.87,188.0,94.0
   Saint Lucia,LCA,2000,9871.0,country,False,932592592.592592,5879.56191426207,158616.0,16.49,6.2232,2716.0,37.96,185.0,86.0
   Saint Lucia,LCA,2005,9839.0,country,False,1135555555.55556,6863.43641919345,165450.0,18.7,5.9468,-32.0,-0.32,189.0,93.0
   Saint Lucia,LCA,2010,9050.0,country,False,1482385185.18519,8673.68720340529,170906.0,17.118,5.2953,-789.0,-8.02,192.0,95.0
   Saint Lucia,LCA,2015,8673.0,country,False,1807640740.74074,10334.9860823918,174905.0,20.84,4.9587,-377.0,-4.17,193.0,100.0
   Saint Lucia,LCA,2020,8338.0,country,False,1521740740.74074,8537.11495506727,178250.0,25.224,4.6777,-335.0,-3.86,195.0,108.0
   Liechtenstein,LIE,1990,10906.0,country,False,1421509216.37424,49457.5609343203,28742.0,,37.9445,,,177.0,16.0
   Liechtenstein,LIE,1995,13311.0,country,False,2428525060.69927,78909.7043377718,30776.0,,43.2512,2405.0,22.05,176.0,14.0
   Liechtenstein,LIE,2000,15483.0,country,False,2483889858.32312,76087.911114202,32645.0,,47.4284,2172.0,16.32,178.0,13.0
   Liechtenstein,LIE,2005,18898.0,country,False,3659319116.88057,105295.057027611,34753.0,,54.378,3415.0,22.06,175.0,10.0
   Liechtenstein,LIE,2010,22342.0,country,False,5082337238.44718,141089.812849014,36022.0,,62.0232,3444.0,18.22,177.0,7.0
   Liechtenstein,LIE,2015,23799.0,country,False,6268515276.17441,167187.15730982,37494.0,,63.4742,1457.0,6.52,176.0,6.0
   Liechtenstein,LIE,2020,25877.0,country,False,6405870210.32293,164671.093553454,38901.0,,66.5201,2078.0,8.73,177.0,6.0
   Sri Lanka,LKA,1990,41561.0,country,False,8032551173.24014,491.213686238493,16352458.0,,0.2542,,,141.0,201.0
   Sri Lanka,LKA,1995,40841.0,country,False,13029697560.9756,741.838255293455,17564068.0,12.27,0.2325,-720.0,-1.73,143.0,204.0
   Sri Lanka,LKA,2000,40132.0,country,False,16595882818.6857,860.199884304769,19293054.0,7.74,0.208,-709.0,-1.74,145.0,202.0
   Sri Lanka,LKA,2005,39526.0,country,False,24405791044.7761,1207.21994764165,20216524.0,7.67,0.1955,-606.0,-1.51,151.0,201.0
   Sri Lanka,LKA,2010,38959.0,country,False,58636049581.1712,2808.36245207687,20879089.0,4.784,0.1866,-567.0,-1.43,156.0,206.0
   Sri Lanka,LKA,2015,39706.0,country,False,85090300895.6546,4057.71582716521,20970000.0,4.519,0.1893,747.0,1.92,160.0,207.0
   Sri Lanka,LKA,2020,40254.0,country,False,84335574372.2997,3847.60136741182,21919000.0,5.364,0.1836,548.0,1.38,163.0,207.0
   Lesotho,LSO,1990,8240.0,country,False,596410263.743849,329.563785157203,1809696.0,,0.4553,,,185.0,191.0
   Lesotho,LSO,1995,7204.0,country,False,1001894000.27846,513.413448796175,1951437.0,15.797,0.3692,-1036.0,-12.57,187.0,192.0
   Lesotho,LSO,2000,6167.0,country,False,887291687.920796,442.779545779081,2003913.0,16.169,0.3077,-1037.0,-14.39,194.0,195.0
   Lesotho,LSO,2005,6290.0,country,False,1682343527.49221,861.381496414995,1953076.0,16.031,0.3221,123.0,1.99,196.0,197.0
   Lesotho,LSO,2010,6414.0,country,False,2234754241.91918,1119.47557793042,1996251.0,16.068,0.3213,124.0,1.97,199.0,201.0
   Lesotho,LSO,2015,9152.0,country,False,2359686724.53829,1121.19851342518,2104611.0,16.223,0.4349,2738.0,42.69,192.0,195.0
   Lesotho,LSO,2020,12060.0,country,False,2053699863.99625,918.582574704447,2235727.0,18.385,0.5394,2908.0,31.77,192.0,191.0
   Lithuania,LTU,1990,349258.0,country,False,,,3697838.0,,9.4449,,,70.0,62.0
   Lithuania,LTU,1995,273587.0,country,False,7921210339.58439,2182.69156931505,3629102.0,17.54,7.5387,-75671.0,-21.67,78.0,74.0
   Lithuania,LTU,2000,214311.0,country,False,11550695727.2335,3300.63634928559,3499536.0,15.931,6.124,-59276.0,-21.67,94.0,88.0
   Lithuania,LTU,2005,201209.0,country,False,26105207115.3129,7857.03148786492,3322528.0,8.325,6.0559,-13102.0,-6.11,100.0,91.0
   Lithuania,LTU,2010,160772.0,country,False,36638128534.0643,11829.122609457,3097282.0,17.814,5.1907,-40437.0,-20.1,110.0,96.0
   Lithuania,LTU,2015,136021.0,country,False,41540954817.2039,14269.8039878287,2911109.0,9.12,4.6725,-24751.0,-15.4,120.0,105.0
   Lithuania,LTU,2020,145184.0,country,False,57412038533.2718,20428.6478157394,2810369.0,8.487,5.166,9163.0,6.74,121.0,103.0
   Luxembourg,LUX,1990,113795.0,country,False,12778792853.6939,33465.478207919,381850.0,,29.801,,,110.0,22.0
   Luxembourg,LUX,1995,126106.0,country,False,20853093869.7318,51032.349635318,408625.0,2.918,30.8611,12311.0,10.82,110.0,21.0
   Luxembourg,LUX,2000,139750.0,country,False,21230200537.942,48659.6390968187,436300.0,2.345,32.0307,13644.0,10.82,107.0,23.0
   Luxembourg,LUX,2005,150618.0,country,False,37672311222.7362,80988.2044869403,465158.0,4.488,32.38,10868.0,7.78,109.0,22.0
   Luxembourg,LUX,2010,163142.0,country,False,56213985987.4168,110885.991378721,506953.0,4.423,32.1809,12524.0,8.32,109.0,24.0
   Luxembourg,LUX,2015,248888.0,country,False,60071584216.1375,105462.012584423,569604.0,6.796,43.6949,85746.0,52.56,101.0,18.0
   Luxembourg,LUX,2020,298062.0,country,False,73670782100.3909,116860.02817236,630419.0,6.766,47.28,49174.0,19.76,96.0,18.0
   Latvia,LVA,1990,646007.0,country,False,,,2663151.0,,24.2572,,,46.0,27.0
   Latvia,LVA,1995,538093.0,country,False,5608208784.9401,2256.77360387054,2485056.0,19.0,21.6532,-107914.0,-16.7,56.0,34.0
   Latvia,LVA,2000,430178.0,country,False,7761252607.18424,3278.17896440803,2367550.0,14.211,18.1698,-107915.0,-20.06,62.0,36.0
   Latvia,LVA,2005,376725.0,country,False,16306935905.4138,7283.78738127622,2238799.0,10.033,16.8271,-53453.0,-12.43,68.0,39.0
   Latvia,LVA,2010,313786.0,country,False,23468324572.3343,11188.4191700977,2097555.0,19.482,14.9596,-62939.0,-16.71,79.0,46.0
   Latvia,LVA,2015,265418.0,country,False,26344565876.8902,13321.9753140616,1977527.0,9.873,13.4217,-48368.0,-15.41,98.0,57.0
   Latvia,LVA,2020,239422.0,country,False,33379927434.6149,17564.2321549354,1900449.0,8.098,12.5982,-25996.0,-9.79,105.0,66.0
"   China, Macao SAR*",MAC,1990,205047.0,territory,False,3246481233.24397,9692.43538809962,334950.0,,61.2172,,,90.0,7.0
"   China, Macao SAR*",MAC,1995,224929.0,territory,False,7046147736.91671,17215.1178522275,409300.0,3.581,54.9546,19882.0,9.7,88.0,7.0
"   China, Macao SAR*",MAC,2000,240791.0,territory,False,6773944355.1502,15731.4081633771,430600.0,6.874,55.9199,15862.0,7.05,85.0,7.0
"   China, Macao SAR*",MAC,2005,279308.0,territory,False,12160056122.3757,25681.2167315221,473500.0,4.158,58.988,38517.0,16.0,83.0,8.0
"   China, Macao SAR*",MAC,2010,318506.0,territory,False,28244172833.6035,52596.2250160214,537000.0,2.84,59.3121,39198.0,14.03,78.0,9.0
"   China, Macao SAR*",MAC,2015,376066.0,territory,False,44940613353.1038,69902.9605741233,642900.0,1.81,58.4953,57560.0,18.07,83.0,9.0
"   China, Macao SAR*",MAC,2020,403490.0,territory,False,25280064167.7333,36883.6652578543,685400.0,2.542,58.8693,27424.0,7.29,85.0,10.0
   Saint Martin (French part)*,MAF,1990,,territory,False,,,28224.0,,,,,,
   Saint Martin (French part)*,MAF,1995,,territory,False,,,29470.0,,,,,,
   Saint Martin (French part)*,MAF,2000,,territory,False,,,29996.0,,,,,,
   Saint Martin (French part)*,MAF,2005,,territory,False,,,33928.0,,,,,,
   Saint Martin (French part)*,MAF,2010,,territory,False,,,36856.0,,,,,,
   Saint Martin (French part)*,MAF,2015,,territory,False,,,37369.0,,,,,,
   Saint Martin (French part)*,MAF,2020,,territory,False,,,31786.0,,,,,,
   Morocco,MAR,1990,54895.0,country,False,30179954774.9899,1229.07104492188,24375551.0,,0.2252,,,135.0,205.0
   Morocco,MAR,1995,50360.0,country,False,39030285468.3841,1466.78820800781,26399429.0,14.054,0.1908,-4535.0,-8.26,139.0,205.0
   Morocco,MAR,2000,53034.0,country,False,43017455401.8445,1499.107421875,28423435.0,13.58,0.1866,2674.0,5.31,138.0,204.0
   Morocco,MAR,2005,56222.0,country,False,68852658068.6673,2242.98828125,30358144.0,11.01,0.1852,3188.0,6.01,139.0,203.0
   Morocco,MAR,2010,71189.0,country,False,100865329473.44,3067.9853515625,32467016.0,9.09,0.2193,14967.0,26.62,138.0,204.0
   Morocco,MAR,2015,92424.0,country,False,110413823841.592,3146.24780273438,34607588.0,9.46,0.2671,21235.0,29.83,131.0,204.0
   Morocco,MAR,2020,102358.0,country,False,121353645057.144,3268.0302734375,36584208.0,11.189,0.2798,9934.0,10.75,132.0,204.0
   Monaco,MCO,1990,20359.0,country,False,2481307077.10989,81734.8664968011,30358.0,,67.063,,,166.0,4.0
   Monaco,MCO,1995,21060.0,country,False,3130309995.30848,99032.2375054091,31609.0,,66.6266,701.0,3.44,168.0,5.0
   Monaco,MCO,2000,21787.0,country,False,2654462465.88236,81789.014508777,32455.0,,67.1299,727.0,3.45,168.0,2.0
   Monaco,MCO,2005,21312.0,country,False,4204651893.54085,130538.711379722,32210.0,,66.1658,-475.0,-2.18,169.0,3.0
   Monaco,MCO,2010,21132.0,country,False,5367561640.00001,161853.922745228,33163.0,,63.7216,-180.0,-0.84,179.0,5.0
   Monaco,MCO,2015,25983.0,country,False,6264753585.625,170437.021128628,36757.0,,70.6886,4851.0,22.96,175.0,5.0
   Monaco,MCO,2020,26601.0,country,False,6730733230.81714,176891.806328966,38050.0,,69.9106,618.0,2.38,176.0,5.0
   Republic of Moldova*,MDA,1990,544162.0,country,False,3592857043.05057,1206.50208704977,2977912.0,,18.2733,,,52.0,38.0
   Republic of Moldova*,MDA,1995,367231.0,country,False,1752999370.46158,593.593177049161,2953200.0,5.3,12.435,-176931.0,-32.51,66.0,50.0
   Republic of Moldova*,MDA,2000,247828.0,country,False,1288429391.79951,440.538683980372,2924668.0,8.539,8.4737,-119403.0,-32.51,83.0,71.0
   Republic of Moldova*,MDA,2005,171122.0,country,False,2988342907.03096,1034.39197746993,2888985.0,5.633,5.9233,-76706.0,-30.95,107.0,94.0
   Republic of Moldova*,MDA,2010,129488.0,country,False,6974982369.60155,2436.79935102421,2862354.0,2.972,4.5238,-41634.0,-24.33,117.0,101.0
   Republic of Moldova*,MDA,2015,106374.0,country,False,7797667196.73087,2749.55137054338,2835978.0,1.781,3.7509,-23114.0,-17.85,127.0,117.0
   Republic of Moldova*,MDA,2020,104438.0,country,False,11530746234.4492,4375.7788930524,2635130.0,1.206,3.9633,-1936.0,-1.82,131.0,115.0
   Madagascar,MDG,1990,23917.0,country,False,3931334875.01376,326.099253221978,12055639.0,,0.1984,,,160.0,206.0
   Madagascar,MDG,1995,21177.0,country,False,3838100903.74974,273.149653945976,14051275.0,6.092,0.1507,-2740.0,-11.46,167.0,208.0
   Madagascar,MDG,2000,23541.0,country,False,4629247203.84524,280.282905559649,16516338.0,5.8,0.1425,2364.0,11.16,165.0,207.0
   Madagascar,MDG,2005,26058.0,country,False,5859269752.61332,305.812074924388,19159707.0,2.62,0.136,2517.0,10.69,163.0,207.0
   Madagascar,MDG,2010,28905.0,country,False,9982711338.07029,450.009391645726,22183340.0,4.28,0.1303,2847.0,10.93,168.0,210.0
   Madagascar,MDG,2015,32075.0,country,False,11323020701.3017,445.320069480568,25426702.0,1.785,0.1261,3170.0,10.97,168.0,211.0
   Madagascar,MDG,2020,35563.0,country,False,13051441204.053,450.771615205157,28953556.0,3.292,0.1228,3488.0,10.87,166.0,211.0
   Maldives,MDV,1990,8689.0,country,False,215043969.849246,956.763019768672,224762.0,,3.8659,,,184.0,113.0
   Maldives,MDV,1995,18510.0,country,False,398988954.970263,1554.60942754604,256649.0,0.79,7.2122,9821.0,113.03,170.0,75.0
   Maldives,MDV,2000,27092.0,country,False,624337145.284622,2213.81235053178,282019.0,1.97,9.6064,8582.0,46.36,161.0,67.0
   Maldives,MDV,2005,45045.0,country,False,1163362437.5,3796.51546524644,306429.0,7.313,14.7,17953.0,66.27,145.0,44.0
   Maldives,MDV,2010,54659.0,country,False,2588176054.6875,7173.59601844692,360792.0,10.875,15.1497,9614.0,21.34,144.0,45.0
   Maldives,MDV,2015,64273.0,country,False,4129505319.12921,9644.90655028145,428154.0,6.611,15.0117,9614.0,17.59,142.0,49.0
   Maldives,MDV,2020,70079.0,country,False,3712604583.36665,7393.8886543933,502118.0,5.42,13.9567,5806.0,9.03,144.0,58.0
   Mexico,MEX,1990,695674.0,country,False,261253675692.838,3154.46920349038,82820170.0,,0.84,,,44.0,175.0
   Mexico,MEX,1995,458549.0,country,False,380157469866.849,4183.87847727479,90862455.0,7.095,0.5047,-237125.0,-34.09,62.0,185.0
   Mexico,MEX,2000,538051.0,country,False,742061329749.127,7524.0271380091,98625552.0,2.646,0.5455,79502.0,17.34,58.0,181.0
   Mexico,MEX,2005,712648.0,country,False,917571853437.344,8671.75891798441,105811504.0,3.558,0.6735,174597.0,32.45,48.0,178.0
   Mexico,MEX,2010,969710.0,country,False,1105424238651.95,9728.80078307432,113623895.0,5.303,0.8534,257062.0,36.07,42.0,177.0
   Mexico,MEX,2015,1013691.0,country,False,1213294467653.78,10021.2386113616,121072306.0,4.311,0.8373,43981.0,4.54,47.0,178.0
   Mexico,MEX,2020,1197624.0,country,False,1121064767168.8,8841.27074929751,126799054.0,4.44,0.9445,183933.0,18.14,48.0,176.0
   Marshall Islands,MHL,1990,1158.0,country,False,78476000.0,1758.40820990836,44629.0,,2.5947,,,209.0,132.0
   Marshall Islands,MHL,1995,1480.0,country,False,120230000.0,2490.98744457796,48266.0,,3.0663,322.0,27.81,209.0,123.0
   Marshall Islands,MHL,2000,1891.0,country,False,114838500.0,2264.79114897645,50706.0,,3.7293,411.0,27.77,209.0,108.0
   Marshall Islands,MHL,2005,2417.0,country,False,138000000.0,2658.65217893885,51906.0,,4.6565,526.0,27.82,209.0,99.0
   Marshall Islands,MHL,2010,3089.0,country,False,161100000.0,3095.45768964722,52044.0,,5.9354,672.0,27.8,207.0,94.0
   Marshall Islands,MHL,2015,3284.0,country,False,183700000.0,3764.34426229508,48800.0,,6.7295,195.0,6.31,207.0,92.0
   Marshall Islands,MHL,2020,3298.0,country,False,241800000.0,5661.96787336674,42706.0,,7.7226,14.0,0.43,206.0,89.0
   North Macedonia,MKD,1990,95142.0,country,False,4699646643.10954,2277.30372314314,2063689.0,,4.6103,,,117.0,100.0
   North Macedonia,MKD,1995,109343.0,country,False,4707041315.24202,2355.24705371138,1998534.0,35.6,5.4712,14201.0,14.93,115.0,88.0
   North Macedonia,MKD,2000,125665.0,country,False,3772859034.20508,1861.89899780644,2026350.0,32.2,6.2015,16322.0,14.93,113.0,87.0
   North Macedonia,MKD,2005,127667.0,country,False,6258602872.67898,3120.98401394233,2005330.0,37.32,6.3664,2002.0,1.59,114.0,87.0
   North Macedonia,MKD,2010,129701.0,country,False,9407170321.37752,4833.36586759968,1946298.0,33.135,6.664,2034.0,1.59,116.0,92.0
   North Macedonia,MKD,2015,130730.0,country,False,10064519962.5655,5262.68671928674,1912430.0,26.395,6.8358,1029.0,0.79,122.0,91.0
   North Macedonia,MKD,2020,131311.0,country,False,12361036913.8409,6659.59651070776,1856124.0,16.575,7.0745,581.0,0.44,123.0,93.0
   Mali,MLI,1990,160736.0,country,False,3248417790.51435,353.903252431339,9178830.0,,1.7512,,,97.0,149.0
   Mali,MLI,1995,176187.0,country,False,3373322735.47027,331.193112418678,10185365.0,1.464,1.7298,15451.0,9.61,96.0,151.0
   Mali,MLI,2000,189475.0,country,False,3521570875.85064,304.652870189314,11559290.0,1.412,1.6392,13288.0,7.54,98.0,152.0
   Mali,MLI,2005,258630.0,country,False,7429066951.56583,548.730382848879,13538647.0,1.367,1.9103,69155.0,36.5,88.0,146.0
   Mali,MLI,2010,341078.0,country,False,12710739159.5014,797.151541141189,15945198.0,1.375,2.1391,82448.0,31.88,75.0,139.0
   Mali,MLI,2015,420504.0,country,False,15583181170.4105,838.11986940103,18593022.0,1.404,2.2616,79426.0,23.29,73.0,143.0
   Mali,MLI,2020,485829.0,country,False,20698560938.7775,953.242943290974,21713836.0,3.528,2.2374,65325.0,15.53,80.0,148.0
   Malta,MLT,1990,15077.0,country,False,2547328747.50761,7192.38994693962,354170.0,,4.257,,,171.0,108.0
   Malta,MLT,1995,17740.0,country,False,3709396089.03632,9828.32366424667,377419.0,6.33,4.7003,2663.0,17.66,172.0,97.0
   Malta,MLT,2000,21521.0,country,False,4036809766.6603,10348.485765125,390087.0,6.324,5.517,3781.0,21.31,169.0,92.0
   Malta,MLT,2005,24560.0,country,False,6393234964.93061,15831.3439802756,403834.0,6.923,6.0817,3039.0,14.12,166.0,90.0
   Malta,MLT,2010,33008.0,country,False,9097044301.48168,21946.6073066905,414508.0,6.861,7.9632,8448.0,34.4,162.0,84.0
   Malta,MLT,2015,52642.0,country,False,11340789705.8045,25529.6693210673,444220.0,5.389,11.8504,19634.0,59.48,148.0,62.0
   Malta,MLT,2020,114760.0,country,False,16404655807.6687,31823.422001724,515490.0,4.856,22.2623,62118.0,118.0,126.0,36.0
   Myanmar,MMR,1990,133545.0,country,False,2115193513.29556,53.1225401094506,39817251.0,,0.3354,,,101.0,193.0
   Myanmar,MMR,1995,113663.0,country,False,5289174942.53404,124.14348039051,42605338.0,0.754,0.2668,-19882.0,-14.89,114.0,199.0
   Myanmar,MMR,2000,98011.0,country,False,8905066163.58643,196.619580625284,45290841.0,0.712,0.2164,-15652.0,-13.77,121.0,201.0
   Myanmar,MMR,2005,83025.0,country,False,11986972418.5103,252.685193060728,47438365.0,0.672,0.175,-14986.0,-15.29,128.0,205.0
   Myanmar,MMR,2010,76414.0,country,False,49540813342.4834,1010.53417343401,49024382.0,0.725,0.1559,-6611.0,-7.96,133.0,209.0
   Myanmar,MMR,2015,73309.0,country,False,59607290407.6191,1166.73305546337,51089056.0,0.766,0.1435,-3105.0,-4.06,138.0,209.0
   Myanmar,MMR,2020,76446.0,country,False,79006113643.1906,1490.21683548367,53016522.0,1.476,0.1442,3137.0,4.28,141.0,209.0
   Montenegro,MNE,1990,,country,False,,,606372.0,,,,,,
   Montenegro,MNE,1995,,country,False,,,611712.0,30.196,,,,,
   Montenegro,MNE,2000,,country,False,984293043.811565,1627.06511911987,604950.0,30.447,,,,,
   Montenegro,MNE,2005,,country,False,2258016379.81634,3675.98851272723,614261.0,30.31,,,,,
   Montenegro,MNE,2010,78512.0,country,False,4136936243.54334,6678.63939560908,619428.0,19.649,12.6749,,,132.0,56.0
   Montenegro,MNE,2015,71719.0,country,False,4010884106.80136,6421.00005731419,624651.0,17.555,11.4815,-6793.0,-8.65,140.0,70.0
   Montenegro,MNE,2020,70999.0,country,False,4734192593.29169,7555.48699036321,626590.0,17.878,11.331,-720.0,-1.0,143.0,74.0
   Mongolia,MNG,1990,6718.0,country,False,2560785660.0,1220.17127664137,2098710.0,,0.3201,,,187.0,196.0
   Mongolia,MNG,1995,7424.0,country,False,1452165005.2384,652.67456284915,2224945.0,5.5,0.3337,706.0,10.51,186.0,193.0
   Mongolia,MNG,2000,8206.0,country,False,1136896123.61298,476.02755082717,2388299.0,5.992,0.3436,782.0,10.53,188.0,194.0
   Mongolia,MNG,2005,11477.0,country,False,2523471601.10421,994.90010913241,2536407.0,7.015,0.4525,3271.0,39.86,186.0,188.0
   Mongolia,MNG,2010,16062.0,country,False,7189481998.90094,2625.21881402433,2738622.0,6.549,0.5865,4585.0,39.95,184.0,186.0
   Mongolia,MNG,2015,19886.0,country,False,11619892590.6941,3838.92126989984,3026864.0,4.861,0.657,3824.0,23.81,182.0,186.0
   Mongolia,MNG,2020,21345.0,country,False,13312981429.0891,4001.25193077703,3327204.0,6.413,0.6415,1459.0,7.34,183.0,187.0
   Northern Mariana Islands*,MNP,1990,26593.0,territory,False,,,43342.0,,61.3562,,,157.0,6.0
   Northern Mariana Islands*,MNP,1995,32376.0,territory,False,,,48176.0,,67.2036,5783.0,21.75,154.0,4.0
   Northern Mariana Islands*,MNP,2000,40122.0,territory,False,,,68356.0,,58.6957,7746.0,23.93,146.0,5.0
   Northern Mariana Islands*,MNP,2005,37542.0,territory,False,1061000000.0,17015.7487891715,62354.0,,60.2078,-2580.0,-6.43,152.0,6.0
   Northern Mariana Islands*,MNP,2010,24168.0,territory,False,799000000.0,14771.4037455399,54091.0,,44.6803,-13374.0,-35.62,173.0,15.0
   Northern Mariana Islands*,MNP,2015,21648.0,territory,False,910000000.0,17665.1007493109,51514.0,,42.0235,-2520.0,-10.43,181.0,20.0
   Northern Mariana Islands*,MNP,2020,21843.0,territory,False,866000000.0,18220.8382427201,47528.0,,45.9582,195.0,0.9,182.0,19.0
   Mozambique,MOZ,1990,122332.0,country,False,,,13094537.0,,0.9342,,,104.0,168.0
   Mozambique,MOZ,1995,168256.0,country,False,3061646173.73938,191.826096861406,15960530.0,2.758,1.0542,45924.0,37.54,99.0,167.0
   Mozambique,MOZ,2000,195702.0,country,False,5930685214.61595,327.12623979157,18129653.0,2.832,1.0795,27446.0,16.31,96.0,165.0
   Mozambique,MOZ,2005,268694.0,country,False,8868504899.94673,436.773856167384,20304569.0,3.035,1.3233,72992.0,37.3,86.0,163.0
   Mozambique,MOZ,2010,306471.0,country,False,11411894723.864,496.185839392659,22999235.0,3.259,1.3325,37777.0,14.06,84.0,162.0
   Mozambique,MOZ,2015,321794.0,country,False,16208985769.615,610.563774706589,26547572.0,3.426,1.2121,15323.0,5.0,89.0,166.0
   Mozambique,MOZ,2020,338850.0,country,False,14235420174.1884,462.433876479921,30783688.0,5.019,1.1007,17056.0,5.3,94.0,168.0
   Mauritania,MRT,1990,111650.0,country,False,1506914407.82047,772.033092140219,1951878.0,,5.7201,,,111.0,88.0
   Mauritania,MRT,1995,89562.0,country,False,2091726101.43014,904.719170071042,2312017.0,9.766,3.8738,-22088.0,-19.78,126.0,110.0
   Mauritania,MRT,2000,57366.0,country,False,1779520886.47015,680.911061879778,2613441.0,10.03,2.195,-32196.0,-35.95,135.0,139.0
   Mauritania,MRT,2005,58211.0,country,False,2936019525.60241,998.96583416747,2939059.0,9.59,1.9806,845.0,1.47,136.0,144.0
   Mauritania,MRT,2010,84920.0,country,False,5628878797.98257,1659.96369705455,3390965.0,10.093,2.5043,26709.0,45.88,129.0,132.0
   Mauritania,MRT,2015,166552.0,country,False,6182303676.55144,1558.84205473416,3965959.0,10.104,4.1995,81632.0,96.13,115.0,112.0
   Mauritania,MRT,2020,182286.0,country,False,8260567356.81635,1795.72437324423,4600131.0,11.051,3.9626,15734.0,9.45,118.0,116.0
   Mauritius*,MUS,1990,3613.0,country,False,2689212760.18576,2539.92846467452,1058775.0,,0.3412,,,198.0,192.0
   Mauritius*,MUS,1995,7493.0,country,False,4094741652.30048,3648.01649622256,1122457.0,9.59,0.6676,3880.0,107.39,185.0,180.0
   Mauritius*,MUS,2000,15543.0,country,False,4726108622.47661,3981.98343249582,1186873.0,9.125,1.3096,8050.0,107.43,177.0,159.0
   Mauritius*,MUS,2005,19647.0,country,False,6576108447.47531,5354.02974260642,1228254.0,9.524,1.5996,4104.0,26.4,174.0,154.0
   Mauritius*,MUS,2010,24836.0,country,False,10144716154.9356,8113.17670740212,1250400.0,7.654,1.9862,5189.0,26.41,172.0,144.0
   Mauritius*,MUS,2015,28585.0,country,False,12162211503.0793,9630.5437837507,1262879.0,7.41,2.2635,3749.0,15.1,171.0,142.0
   Mauritius*,MUS,2020,28893.0,country,False,11566111137.5568,9135.84773751062,1266014.0,8.626,2.2822,308.0,1.08,174.0,147.0
   Malawi,MWI,1990,1127724.0,country,False,2737087861.62245,286.730598968269,9545852.0,,11.8138,,,31.0,55.0
   Malawi,MWI,1995,241624.0,country,False,2033701497.97085,200.362370007247,10150117.0,4.895,2.3805,-886100.0,-78.57,85.0,142.0
   Malawi,MWI,2000,232620.0,country,False,2537307580.32808,224.22415918428,11315942.0,5.045,2.0557,-9004.0,-3.73,87.0,144.0
   Malawi,MWI,2005,221661.0,country,False,5320409651.47544,414.361121984475,12840031.0,4.935,1.7263,-10959.0,-4.71,96.0,152.0
   Malawi,MWI,2010,217722.0,country,False,10128323010.6049,683.124694716799,14826463.0,4.78,1.4685,-3939.0,-1.78,100.0,158.0
   Malawi,MWI,2015,197328.0,country,False,9219474379.31534,539.605363240686,17085587.0,4.953,1.1549,-20394.0,-9.37,107.0,169.0
   Malawi,MWI,2020,191362.0,country,False,11769313597.8545,602.507478176106,19533888.0,5.72,0.9796,-5966.0,-3.02,113.0,175.0
   Malaysia*,MYS,1990,695920.0,country,False,44024585239.6137,2468.69080320116,17833171.0,,3.9024,,,43.0,112.0
   Malaysia*,MYS,1995,937368.0,country,False,88705342902.7113,4363.14458333034,20330599.0,3.15,4.6106,241448.0,34.69,36.0,98.0
   Malaysia*,MYS,2000,1463598.0,country,False,93789736842.1053,4083.52874483605,22967816.0,3.0,6.3724,526230.0,56.14,25.0,83.0
   Malaysia*,MYS,2005,1918504.0,country,False,143534405818.501,5555.58179951206,25836071.0,3.53,7.4257,454906.0,31.08,22.0,82.0
   Malaysia*,MYS,2010,2417395.0,country,False,255017638455.59,8899.34505544675,28655776.0,3.32,8.436,498891.0,26.0,20.0,82.0
   Malaysia*,MYS,2015,3280681.0,country,False,301355266964.947,9648.6797937523,31232798.0,3.1,10.504,863286.0,35.71,18.0,78.0
   Malaysia*,MYS,2020,3476560.0,country,False,337456163961.211,9957.52626697613,33889558.0,4.54,10.2585,195879.0,5.97,17.0,81.0
   Namibia,NAM,1990,120641.0,country,False,2789921853.53112,2037.47589359778,1369303.0,,8.8104,,,106.0,69.0
   Namibia,NAM,1995,115372.0,country,False,3978514206.31168,2483.20353415161,1602170.0,21.34,7.201,-5269.0,-4.37,112.0,76.0
   Namibia,NAM,2000,135547.0,country,False,3922232164.83175,2156.67590512714,1818647.0,20.3,7.4532,20175.0,17.49,110.0,79.0
   Namibia,NAM,2005,107347.0,country,False,7248374837.72056,3685.77299991587,1966582.0,22.108,5.4586,-28200.0,-20.8,120.0,95.0
   Namibia,NAM,2010,103826.0,country,False,11431412421.1316,5418.21633365814,2109811.0,22.12,4.9211,-3521.0,-3.28,122.0,97.0
   Namibia,NAM,2015,101618.0,country,False,11335161083.5061,4774.10650865775,2374300.0,20.791,4.2799,-2208.0,-2.13,130.0,111.0
   Namibia,NAM,2020,109391.0,country,False,10583748541.5258,3878.58982993966,2728762.0,21.003,4.0088,7773.0,7.65,129.0,114.0
   New Caledonia*,NCL,1990,37673.0,territory,False,2529440424.16648,14334.6807372176,176456.0,,21.3498,,,147.0,31.0
   New Caledonia*,NCL,1995,43662.0,territory,False,3628440505.14193,18107.8880778022,200379.0,18.629,21.7897,5989.0,15.9,142.0,33.0
   New Caledonia*,NCL,2000,49651.0,territory,False,3420032041.07385,15329.7297200058,223098.0,17.907,22.2552,5989.0,13.72,139.0,32.0
   New Caledonia*,NCL,2005,55405.0,territory,False,6238629487.01331,25528.2918353444,244381.0,15.778,22.6716,5754.0,11.59,140.0,33.0
   New Caledonia*,NCL,2010,61158.0,territory,False,9364350076.91225,35798.9084757829,261582.0,13.998,23.38,5753.0,10.38,141.0,33.0
   New Caledonia*,NCL,2015,68881.0,territory,False,8738203074.3957,30858.7237060533,283168.0,13.621,24.3251,7723.0,12.63,141.0,33.0
   New Caledonia*,NCL,2020,73141.0,territory,False,9454629467.91408,33270.330597637,284176.0,13.558,25.7379,4260.0,6.18,142.0,34.0
   Niger,NER,1990,115464.0,country,False,3512356507.88599,423.887460599302,8286059.0,,1.3935,,,109.0,154.0
   Niger,NER,1995,145999.0,country,False,2302537562.24406,237.01998956862,9714529.0,1.494,1.5029,30535.0,26.45,106.0,156.0
   Niger,NER,2000,122260.0,country,False,2241753192.81158,194.771959898935,11509630.0,1.427,1.0622,-23739.0,-16.26,116.0,167.0
   Niger,NER,2005,124509.0,country,False,4383315964.58718,318.643121918273,13756192.0,3.1,0.9051,2249.0,1.84,115.0,169.0
   Niger,NER,2010,126482.0,country,False,7851192502.30917,474.425692340831,16548835.0,0.718,0.7643,1973.0,1.58,118.0,178.0
   Niger,NER,2015,252998.0,country,False,9683867926.44282,485.662574175279,19939498.0,0.556,1.2688,126516.0,100.03,100.0,163.0
   Niger,NER,2020,348056.0,country,False,13648332189.7307,575.451340306915,23717613.0,0.591,1.4675,95058.0,37.57,92.0,164.0
   Nigeria,NGA,1990,456621.0,country,False,54035795387.8086,556.376449130902,97120925.0,,0.4702,,,60.0,189.0
   Nigeria,NGA,1995,462999.0,country,False,140919776986.364,1271.61617353199,110819428.0,4.152,0.4178,6378.0,1.4,61.0,189.0
   Nigeria,NGA,2000,487882.0,country,False,69171451627.2465,547.318298903379,126382494.0,3.953,0.386,24883.0,5.37,61.0,191.0
   Nigeria,NGA,2005,969714.0,country,False,175670569969.346,1211.37703504386,145017253.0,3.727,0.6687,481832.0,98.76,39.0,179.0
   Nigeria,NGA,2010,990494.0,country,False,366990417129.04,2202.25672957344,166642886.0,3.744,0.5944,20780.0,2.14,41.0,185.0
   Nigeria,NGA,2015,1199115.0,country,False,493026682800.63,2585.73360671797,190671878.0,4.134,0.6289,208621.0,21.06,41.0,188.0
   Nigeria,NGA,2020,1308568.0,country,False,598586817817.392,2797.184580679,213996181.0,5.714,0.6115,109453.0,9.13,46.0,189.0
   Nicaragua,NIC,1990,41421.0,country,False,1009455483.87097,242.508390600822,4162559.0,,0.9951,,,142.0,166.0
   Nicaragua,NIC,1995,26619.0,country,False,4140470000.0,891.779352309996,4642931.0,7.414,0.5733,-14802.0,-35.74,159.0,184.0
   Nicaragua,NIC,2000,30389.0,country,False,5109587049.97449,1017.3124434882,5022633.0,7.181,0.605,3770.0,14.16,155.0,178.0
   Nicaragua,NIC,2005,34919.0,country,False,6321324279.14826,1183.30214010175,5342105.0,5.37,0.6537,4530.0,14.91,155.0,181.0
   Nicaragua,NIC,2010,37345.0,country,False,8758602232.98358,1526.56706951408,5737450.0,7.83,0.6509,2426.0,6.95,158.0,182.0
   Nicaragua,NIC,2015,40261.0,country,False,12756696261.0676,2074.45620634731,6149417.0,4.7,0.6547,2916.0,7.81,159.0,187.0
   Nicaragua,NIC,2020,42167.0,country,False,12726422432.4868,1938.44704754382,6565267.0,6.18,0.6423,1906.0,4.73,162.0,186.0
   Netherlands*,NLD,1990,1182263.0,country,False,318799003993.707,21322.1944802703,14951510.0,,7.9073,,,25.0,75.0
   Netherlands*,NLD,1995,1346164.0,country,False,452967334614.329,29301.1940492376,15459006.0,7.157,8.708,163901.0,13.86,25.0,71.0
   Netherlands*,NLD,2000,1556337.0,country,False,417649282153.726,26225.1697734149,15925513.0,2.725,9.7726,210173.0,15.61,23.0,65.0
   Netherlands*,NLD,2005,1736127.0,country,False,688133699635.797,42165.396168388,16319868.0,5.872,10.6381,179790.0,11.55,25.0,69.0
   Netherlands*,NLD,2010,1832510.0,country,False,852464982433.335,51305.7338533973,16615394.0,4.991,11.029,96383.0,5.55,28.0,68.0
   Netherlands*,NLD,2015,1996318.0,country,False,775743675302.734,45793.8135434697,16939923.0,6.872,11.7847,163808.0,8.94,30.0,66.0
   Netherlands*,NLD,2020,2358333.0,country,False,932560861701.17,53467.9277413737,17441500.0,3.82,13.5214,362015.0,18.13,29.0,59.0
   Norway*,NOR,1990,192587.0,country,False,119344377526.08,28137.4837293741,4241473.0,,4.5406,,,92.0,102.0
   Norway*,NOR,1995,233302.0,country,False,151083627983.331,34658.6948344762,4359184.0,6.307,5.352,40715.0,21.14,86.0,89.0
   Norway*,NOR,2000,292440.0,country,False,170620327660.251,37991.8907576589,4490967.0,3.458,6.5117,59138.0,25.35,78.0,82.0
   Norway*,NOR,2005,361144.0,country,False,311417306946.061,67358.3615969796,4623291.0,4.381,7.8114,68704.0,23.49,71.0,81.0
   Norway*,NOR,2010,524601.0,country,False,440132138425.479,90020.342257973,4889252.0,3.527,10.7297,163457.0,45.26,62.0,71.0
   Norway*,NOR,2015,746375.0,country,False,400669174330.888,77220.9524311414,5188607.0,4.296,14.3849,221774.0,42.27,57.0,54.0
   Norway*,NOR,2020,852238.0,country,False,382252517921.94,71057.5879471399,5379475.0,4.424,15.8424,105863.0,14.18,61.0,52.0
   Nepal,NPL,1990,429974.0,country,False,3627560239.48997,185.794600449903,19524573.0,,2.2022,,,62.0,140.0
   Nepal,NPL,1995,690225.0,country,False,4401104417.67068,197.843001330326,22245439.0,10.473,3.1028,260251.0,60.53,49.0,122.0
   Nepal,NPL,2000,717900.0,country,False,5494252207.90502,223.830289183078,24546509.0,10.531,2.9247,27675.0,4.01,45.0,120.0
   Nepal,NPL,2005,680729.0,country,False,8130258377.90964,309.024168339372,26309458.0,10.59,2.5874,-37171.0,-5.18,49.0,129.0
   Nepal,NPL,2010,581889.0,country,False,16002656434.4746,585.278491984574,27341952.0,10.563,2.1282,-98840.0,-14.52,59.0,140.0
   Nepal,NPL,2015,509471.0,country,False,24360801286.7638,875.543635474862,27823629.0,10.643,1.8311,-72418.0,-12.45,69.0,150.0
   Nepal,NPL,2020,487564.0,country,False,33433659301.2466,1154.21517578318,28966574.0,13.037,1.6832,-21907.0,-4.3,79.0,159.0
   Nauru,NRU,1990,2815.0,country,False,55572375.5290496,5775.55347423089,9622.0,,29.2559,,,203.0,23.0
   Nauru,NRU,1995,2605.0,country,False,39969705.969706,3932.0910939209,10165.0,,25.6272,-210.0,-7.46,206.0,29.0
   Nauru,NRU,2000,2394.0,country,False,26930980.3429002,2648.60152860938,10168.0,,23.5445,-211.0,-8.1,207.0,30.0
   Nauru,NRU,2005,2253.0,country,False,30070666.0652533,2992.40382776926,10049.0,,22.4201,-141.0,-5.89,210.0,34.0
   Nauru,NRU,2010,906.0,country,False,47562844.6104251,4735.92000502092,10043.0,,9.0212,-1347.0,-59.79,213.0,80.0
   Nauru,NRU,2015,1833.0,country,False,84863440.5801997,7747.25584993607,10954.0,,16.7336,927.0,102.32,213.0,41.0
   Nauru,NRU,2020,2201.0,country,False,124685688.161094,10709.068810538,11643.0,,18.9041,368.0,20.08,212.0,43.0
   New Zealand*,NZL,1990,518047.0,country,False,45495129385.0475,13663.0216184298,3329800.0,,15.5579,,,55.0,43.0
   New Zealand*,NZL,1995,588617.0,country,False,63918703506.9075,17400.4201848172,3673400.0,6.461,16.0238,70570.0,13.62,54.0,40.0
   New Zealand*,NZL,2000,678813.0,country,False,52623281956.7031,13641.1027183822,3857700.0,6.13,17.5963,90196.0,15.32,49.0,39.0
   New Zealand*,NZL,2005,839952.0,country,False,114720129550.095,27751.0654708859,4133900.0,3.807,20.3186,161139.0,23.74,42.0,35.0
   New Zealand*,NZL,2010,947443.0,country,False,146887902524.052,33761.9009639947,4350700.0,6.557,21.7768,107491.0,12.8,44.0,35.0
   New Zealand*,NZL,2015,1039736.0,country,False,178147457242.978,38648.7302562109,4609400.0,5.415,22.5569,92293.0,9.74,46.0,36.0
   New Zealand*,NZL,2020,1381724.0,country,False,213318129988.602,42054.6743136586,5072400.0,4.595,27.24,341988.0,32.89,42.0,33.0
   Oman,OMN,1990,304000.0,country,False,13310273081.9246,7545.70305230441,1763954.0,,17.234,,,77.0,39.0
   Oman,OMN,1995,539643.0,country,False,15722236671.0013,7414.30279204109,2120528.0,4.167,25.4485,235643.0,77.51,55.0,30.0
   Oman,OMN,2000,623608.0,country,False,22259557867.3602,9753.84755185404,2282131.0,4.433,27.3257,83965.0,15.56,52.0,29.0
   Oman,OMN,2005,666164.0,country,False,35506892067.6203,14434.8577924647,2459802.0,4.589,27.082,42556.0,6.82,51.0,30.0
   Oman,OMN,2010,816234.0,country,False,64993498049.4148,23570.1798147325,2757446.0,3.911,29.6011,150070.0,22.53,48.0,27.0
   Oman,OMN,2015,1856226.0,country,False,78710793237.9714,18808.3077921839,4184895.0,3.403,44.3554,1039992.0,127.41,32.0,17.0
   Oman,OMN,2020,2372836.0,country,False,75909492847.8544,16784.8630630058,4522497.0,2.94,52.4674,516610.0,27.83,28.0,13.0
   Pakistan,PAK,1990,6208204.0,country,False,40010423970.4576,344.45547384189,116155576.0,,5.3447,,,5.0,94.0
   Pakistan,PAK,1995,3669308.0,country,False,60636071684.1918,450.550279346206,134582253.0,0.611,2.7264,-2538896.0,-40.9,11.0,132.0
   Pakistan,PAK,2000,4181912.0,country,False,99484802344.5277,642.338346499898,154879127.0,0.614,2.7001,512604.0,13.97,11.0,128.0
   Pakistan,PAK,2005,3174558.0,country,False,145208562960.767,827.619861189926,175453212.0,0.583,1.8093,-1007354.0,-24.09,14.0,150.0
   Pakistan,PAK,2010,3943681.0,country,False,196709621849.586,987.304571124485,199239047.0,0.653,1.9794,769123.0,24.23,14.0,145.0
   Pakistan,PAK,2015,3506520.0,country,False,299963590534.773,1380.47020838317,217290883.0,3.566,1.6137,-437161.0,-11.09,16.0,156.0
   Pakistan,PAK,2020,3276580.0,country,False,300425609817.981,1278.39735206896,235001746.0,5.994,1.3943,-229940.0,-6.56,19.0,165.0
   Panama,PAN,1990,62744.0,country,False,6433967000.0,2620.13827266274,2455583.0,,2.5552,,,131.0,133.0
   Panama,PAN,1995,70848.0,country,False,9573813700.0,3513.89737854631,2724557.0,6.512,2.6003,8104.0,12.92,132.0,136.0
   Panama,PAN,2000,83410.0,country,False,11966497000.0,3975.09308659503,3010369.0,6.188,2.7708,12562.0,17.73,126.0,126.0
   Panama,PAN,2005,109461.0,country,False,16623906700.0,5017.7410922824,3313026.0,5.967,3.304,26051.0,31.23,118.0,117.0
   Panama,PAN,2010,157788.0,country,False,30231009500.0,8331.46421351868,3628535.0,5.845,4.3485,48327.0,44.15,112.0,104.0
   Panama,PAN,2015,184710.0,country,False,55767806100.0,14082.6548502728,3960035.0,4.335,4.6644,26922.0,17.06,112.0,106.0
   Panama,PAN,2020,313165.0,country,False,57059846500.0,13290.5608347594,4293261.0,14.663,7.2943,128455.0,69.54,95.0,91.0
   Peru,PER,1990,56688.0,country,False,26410386962.8019,1199.66666756615,22014771.0,,0.2575,,,133.0,200.0
   Peru,PER,1995,56732.0,country,False,53312793687.3836,2189.53431515311,24348919.0,4.708,0.233,44.0,0.08,136.0,203.0
   Peru,PER,2000,66300.0,country,False,51744749133.213,1945.41338451698,26598331.0,4.959,0.2493,9568.0,16.87,134.0,199.0
   Peru,PER,2005,77877.0,country,False,76060606060.6061,2706.66947297608,28101180.0,4.87,0.2771,11577.0,17.46,130.0,199.0
   Peru,PER,2010,104706.0,country,False,147527631520.729,5072.11494019615,29086019.0,3.6,0.36,26829.0,34.45,121.0,198.0
   Peru,PER,2015,154774.0,country,False,189802976285.619,6231.71150338894,30457600.0,3.272,0.5082,50068.0,47.82,118.0,191.0
   Peru,PER,2020,1224519.0,country,False,201409694755.934,6133.32552410183,32838579.0,7.179,3.7289,1069745.0,691.17,47.0,121.0
   Philippines,PHL,1990,154071.0,country,False,50508286641.5746,803.572588255813,62854666.0,,0.2451,,,99.0,204.0
   Philippines,PHL,1995,207345.0,country,False,84644328727.4825,1199.84171414993,70546246.0,3.68,0.2939,53274.0,34.58,91.0,195.0
   Philippines,PHL,2000,318095.0,country,False,83669788376.9213,1050.79273107952,79625397.0,3.77,0.3995,110750.0,53.41,73.0,189.0
   Philippines,PHL,2005,257468.0,country,False,107419977318.166,1220.46018559867,88015962.0,3.795,0.2925,-60627.0,-19.06,89.0,198.0
   Philippines,PHL,2010,208599.0,country,False,208368893151.144,2162.91375885614,96337125.0,3.605,0.2165,-48869.0,-18.98,103.0,205.0
   Philippines,PHL,2015,211862.0,country,False,306445871242.322,2909.85818010301,105312992.0,3.068,0.2012,3263.0,1.56,104.0,205.0
   Philippines,PHL,2020,225525.0,country,False,361751145451.597,3227.57910235199,112081264.0,2.522,0.2012,13663.0,6.45,107.0,205.0
   Palau,PLW,1990,2801.0,country,False,97702303.0,6402.929615309,15259.0,,18.3564,,,204.0,37.0
   Palau,PLW,1995,4749.0,country,False,121018500.0,7038.00523407967,17195.0,,27.6185,1948.0,69.55,195.0,27.0
   Palau,PLW,2000,6310.0,country,False,149551484.375,7798.07510558974,19178.0,,32.9023,1561.0,32.87,193.0,21.0
   Palau,PLW,2005,6043.0,country,False,185658171.875,9367.68615343862,19819.0,,30.4909,-267.0,-4.23,197.0,26.0
   Palau,PLW,2010,5490.0,country,False,184292328.125,10018.065238367,18396.0,,29.8434,-553.0,-9.15,201.0,26.0
   Palau,PLW,2015,4937.0,country,False,283224750.0,15938.3652222848,17770.0,,27.7828,-553.0,-10.07,202.0,30.0
   Palau,PLW,2020,5088.0,country,False,258985859.375,14556.30954221,17792.0,,28.5971,151.0,3.06,202.0,32.0
   Papua New Guinea,PNG,1990,33710.0,country,False,3219729083.06487,826.317152082832,3896481.0,,0.8651,,,151.0,172.0
   Papua New Guinea,PNG,1995,33526.0,country,False,4636057476.42568,998.229967376131,4644278.0,2.603,0.7219,-184.0,-0.55,151.0,178.0
   Papua New Guinea,PNG,2000,26304.0,country,False,3521339699.07407,635.957919047725,5537064.0,2.92,0.4751,-7222.0,-21.54,162.0,185.0
   Papua New Guinea,PNG,2005,29971.0,country,False,4865892972.27595,744.486489977433,6535905.0,2.385,0.4586,3667.0,13.94,161.0,187.0
   Papua New Guinea,PNG,2010,30425.0,country,False,14250786674.7766,1866.86889851208,7633523.0,2.002,0.3986,454.0,1.51,167.0,194.0
   Papua New Guinea,PNG,2015,30940.0,country,False,21723437010.0982,2484.5963398603,8743246.0,2.507,0.3539,515.0,1.69,169.0,200.0
   Papua New Guinea,PNG,2020,31068.0,country,False,23848447849.6081,2429.61134585269,9815746.0,2.903,0.3165,128.0,0.41,170.0,203.0
   Poland,POL,1990,1127771.0,country,False,65977748210.5263,1731.2095094382,38110782.0,,2.9592,,,30.0,127.0
   Poland,POL,1995,964725.0,country,False,142838527115.448,3700.95956775144,38594998.0,13.695,2.4996,-163046.0,-14.46,35.0,138.0
   Poland,POL,2000,825251.0,country,False,172953527033.013,4520.64100449111,38258629.0,14.928,2.157,-139474.0,-14.46,42.0,141.0
   Poland,POL,2005,722509.0,country,False,306999913150.525,8043.92332253757,38165445.0,17.592,1.8931,-102742.0,-12.45,47.0,148.0
   Poland,POL,2010,642417.0,country,False,478111630683.514,12567.7317676382,38042794.0,9.578,1.6887,-80092.0,-11.09,55.0,153.0
   Poland,POL,2015,611855.0,country,False,480054118583.367,12637.5220324406,37986412.0,7.475,1.6107,-30562.0,-4.76,64.0,157.0
   Poland,POL,2020,817254.0,country,False,605914237903.742,16150.9304813473,37515748.0,3.155,2.1784,205399.0,33.57,64.0,151.0
   Puerto Rico*,PRI,1990,321909.0,territory,False,30603919000.0,8652.50749222505,3537000.0,,9.1012,,,73.0,66.0
   Puerto Rico*,PRI,1995,338067.0,territory,False,42647331000.0,11579.1849969985,3683103.0,13.93,9.1789,16158.0,5.02,71.0,68.0
   Puerto Rico*,PRI,2000,355038.0,territory,False,61701800000.0,16192.1269719638,3810605.0,10.08,9.3171,16971.0,5.02,68.0,69.0
   Puerto Rico*,PRI,2005,352144.0,territory,False,83914521300.0,21959.322696986,3821362.0,11.35,9.2151,-2894.0,-0.82,73.0,74.0
   Puerto Rico*,PRI,2010,304969.0,territory,False,98381300000.0,26414.8810634548,3724465.0,16.1,8.1883,-47175.0,-13.4,85.0,83.0
   Puerto Rico*,PRI,2015,280494.0,territory,False,103375500000.0,29242.041465085,3535167.0,12.0,7.9344,-24475.0,-8.03,93.0,86.0
   Puerto Rico*,PRI,2020,247132.0,territory,False,103130900000.0,31427.1034994916,3281591.0,8.89,7.5309,-33362.0,-11.89,104.0,90.0
   Dem. People's Republic of Korea,PRK,1990,34103.0,country,False,,,21112137.0,,0.1615,,,150.0,207.0
   Dem. People's Republic of Korea,PRK,1995,35143.0,country,False,,,22669304.0,3.114,0.155,1040.0,3.05,150.0,207.0
   Dem. People's Republic of Korea,PRK,2000,36183.0,country,False,,,23665910.0,3.653,0.1529,1040.0,2.96,151.0,206.0
   Dem. People's Republic of Korea,PRK,2005,40097.0,country,False,,,24396433.0,3.576,0.1644,3914.0,10.82,150.0,206.0
   Dem. People's Republic of Korea,PRK,2010,44010.0,country,False,,,24987258.0,3.419,0.1761,3913.0,9.76,151.0,207.0
   Dem. People's Republic of Korea,PRK,2015,48458.0,country,False,,,25575350.0,3.523,0.1895,4448.0,10.11,152.0,206.0
   Dem. People's Republic of Korea,PRK,2020,49549.0,country,False,,,26136312.0,3.624,0.1896,1091.0,2.25,155.0,206.0
   Portugal,PRT,1990,435782.0,country,False,78713860216.5659,7884.61798756332,9983218.0,,4.3651,,,61.0,105.0
   Portugal,PRT,1995,532822.0,country,False,118122007430.012,11781.3618502221,10026176.0,7.064,5.3143,97040.0,22.27,57.0,91.0
   Portugal,PRT,2000,651472.0,country,False,118605192877.388,11526.3720667968,10289898.0,3.806,6.3312,118650.0,22.27,51.0,85.0
   Portugal,PRT,2005,771184.0,country,False,197253876704.921,18780.12751241,10503330.0,7.582,7.3423,119712.0,18.38,44.0,83.0
   Portugal,PRT,2010,762825.0,country,False,238443864993.217,22551.935098809,10573100.0,10.771,7.2148,-8359.0,-1.08,50.0,89.0
   Portugal,PRT,2015,864814.0,country,False,199038523119.639,19215.7813014347,10358076.0,12.405,8.3492,101989.0,13.37,49.0,84.0
   Portugal,PRT,2020,1001963.0,country,False,229618773422.577,22299.4044062173,10297081.0,6.85,9.7306,137149.0,15.86,55.0,82.0
   Paraguay,PRY,1990,195884.0,country,False,5812114523.01187,1440.15829610029,4035747.0,,4.8537,,,91.0,99.0
   Paraguay,PRY,1995,186570.0,country,False,9062131475.02318,1978.71514099575,4579806.0,3.4,4.0738,-9314.0,-4.75,95.0,108.0
   Paraguay,PRY,2000,176608.0,country,False,8855705139.55857,1736.11729210765,5100868.0,7.61,3.4623,-9962.0,-5.34,102.0,112.0
   Paraguay,PRY,2005,168243.0,country,False,10737500188.1123,1970.87169852378,5448097.0,4.825,3.0881,-8365.0,-4.74,108.0,121.0
   Paraguay,PRY,2010,160299.0,country,False,27260886405.2263,4750.96273669322,5737971.0,4.569,2.7937,-7944.0,-4.72,111.0,126.0
   Paraguay,PRY,2015,156462.0,country,False,36211447840.0971,5879.33792308671,6159103.0,4.556,2.5403,-3837.0,-2.39,117.0,134.0
   Paraguay,PRY,2020,169567.0,country,False,35432178068.1814,5365.47220721191,6603739.0,7.548,2.5677,13105.0,8.38,119.0,142.0
   State of Palestine*,PSE,1990,288332.0,country,False,,,1978248.0,,14.5751,,,80.0,45.0
   State of Palestine*,PSE,1995,281767.0,country,False,3282800000.0,1326.56285737146,2474666.0,10.714,11.3861,-6565.0,-2.28,77.0,55.0
   State of Palestine*,PSE,2000,275202.0,country,False,4313600000.0,1476.17185000238,2922153.0,10.625,9.4178,-6565.0,-2.33,80.0,68.0
   State of Palestine*,PSE,2005,274520.0,country,False,5125700000.0,1543.70141392774,3320396.0,20.016,8.2677,-682.0,-0.25,85.0,78.0
   State of Palestine*,PSE,2010,273840.0,country,False,9681500000.0,2557.07562356699,3786161.0,21.416,7.2327,-680.0,-0.25,90.0,87.0
   State of Palestine*,PSE,2015,273163.0,country,False,13972400000.0,3272.15432360708,4270092.0,23.005,6.3971,-677.0,-0.25,96.0,93.0
   State of Palestine*,PSE,2020,272784.0,country,False,15531700000.0,3233.56863835858,4803269.0,25.895,5.6791,-379.0,-0.14,101.0,101.0
   French Polynesia*,PYF,1990,25830.0,territory,False,3320159522.36546,16293.1823294474,203776.0,,12.6757,,,158.0,53.0
   French Polynesia*,PYF,1995,28360.0,territory,False,4186994249.08861,18850.3149185956,222118.0,11.941,12.768,2530.0,9.79,156.0,47.0
   French Polynesia*,PYF,2000,30329.0,territory,False,3599845480.34359,14978.324104668,240337.0,11.583,12.6194,1969.0,6.94,156.0,48.0
   French Polynesia*,PYF,2005,32286.0,territory,False,5705052134.54253,21984.1936230719,259507.0,11.722,12.4413,1957.0,6.45,159.0,53.0
   French Polynesia*,PYF,2010,31640.0,territory,False,6086644798.55982,22494.806706186,270580.0,12.133,11.6934,-646.0,-2.0,166.0,62.0
   French Polynesia*,PYF,2015,30058.0,territory,False,5325846361.81186,19166.9594761931,277866.0,11.794,10.8174,-1582.0,-5.0,170.0,75.0
   French Polynesia*,PYF,2020,30081.0,territory,False,5574821989.38239,19966.4838503859,279209.0,12.963,10.7736,23.0,0.08,171.0,77.0
   Qatar,QAT,1990,309753.0,country,False,7360439560.43956,16721.6210835226,440175.0,,70.3704,,,74.0,2.0
   Qatar,QAT,1995,361673.0,country,False,8137912087.91209,15822.5092848142,514325.0,0.87,70.3199,51920.0,16.76,68.0,2.0
   Qatar,QAT,2000,359697.0,country,False,17759890109.8901,27535.182940934,644989.0,0.87,55.7679,-1976.0,-0.55,66.0,8.0
   Qatar,QAT,2005,646026.0,country,False,44530494505.4945,53949.6764091147,825408.0,0.87,78.2675,286329.0,79.6,52.0,1.0
   Qatar,QAT,2010,1456413.0,country,False,125122252747.253,77387.2936379616,1616832.0,0.45,90.0782,810387.0,125.44,32.0,2.0
   Qatar,QAT,2015,1687640.0,country,False,161739955576.923,68985.2946961507,2344557.0,0.17,71.9812,231227.0,15.88,34.0,4.0
   Qatar,QAT,2020,2226192.0,country,False,144411363351.648,51683.5054376677,2794148.0,0.14,79.6734,538552.0,31.91,31.0,2.0
   Romania,ROU,1990,135825.0,country,False,38247882300.4904,1648.48522974542,23201835.0,,0.5854,,,100.0,180.0
   Romania,ROU,1995,135037.0,country,False,37430162102.6125,1650.04922365201,22684270.0,8.01,0.5953,-788.0,-0.58,109.0,183.0
   Romania,ROU,2000,134254.0,country,False,37253739511.1273,1659.92904910528,22442971.0,6.969,0.5982,-783.0,-0.58,112.0,179.0
   Romania,ROU,2005,145162.0,country,False,98454380120.0761,4618.00350802913,21319685.0,7.174,0.6809,10908.0,8.12,111.0,176.0
   Romania,ROU,2010,177211.0,country,False,170064350671.827,8399.5374234284,20246871.0,6.959,0.8753,32049.0,22.08,108.0,174.0
   Romania,ROU,2015,281048.0,country,False,177885131240.315,8977.01748158196,19815616.0,6.812,1.4183,103837.0,58.6,92.0,161.0
   Romania,ROU,2020,705310.0,country,False,250624575871.819,13009.1525348396,19265250.0,5.035,3.661,424262.0,150.96,68.0,122.0
   Russian Federation,RUS,1990,11524948.0,country,False,517014446227.929,3494.06323242188,147969406.0,,7.7887,,,2.0,76.0
   Russian Federation,RUS,1995,11928927.0,country,False,395537185734.854,2665.77978515625,148375787.0,9.449,8.0397,403979.0,3.51,2.0,73.0
   Russian Federation,RUS,2000,11900297.0,country,False,259710142196.943,1771.59411621094,146596869.0,10.581,8.1177,-28630.0,-0.24,2.0,73.0
   Russian Federation,RUS,2005,11667588.0,country,False,764015973481.11,5323.455078125,143518814.0,7.124,8.1297,-232709.0,-1.96,2.0,79.0
   Russian Federation,RUS,2010,11194710.0,country,False,1524916715223.95,10674.990234375,142849468.0,7.407,7.8367,-472878.0,-4.05,2.0,86.0
   Russian Federation,RUS,2015,11643276.0,country,False,1363482182197.71,9277.7138671875,144640716.0,5.615,8.0498,448566.0,4.01,2.0,85.0
   Russian Federation,RUS,2020,11636911.0,country,False,1493075894362.14,10108.3271484375,145245148.0,5.62,8.0119,-6365.0,-0.05,4.0,87.0
   Rwanda,RWA,1990,160024.0,country,False,2550185679.11415,345.773495139137,7375307.0,,2.1697,,,98.0,142.0
   Rwanda,RWA,1995,215735.0,country,False,1293535193.49248,227.971147849318,5674118.0,11.938,3.8021,55711.0,34.81,89.0,111.0
   Rwanda,RWA,2000,347076.0,country,False,2068836754.37431,251.86926386091,8213931.0,11.699,4.2255,131341.0,60.88,70.0,101.0
   Rwanda,RWA,2005,423187.0,country,False,2933819766.17656,324.016863847189,9054528.0,11.842,4.6738,76111.0,21.93,65.0,98.0
   Rwanda,RWA,2010,426901.0,country,False,6052276077.6354,586.599950359877,10317553.0,11.637,4.1376,3714.0,0.88,66.0,111.0
   Rwanda,RWA,2015,514647.0,country,False,8447064078.84373,725.691418696952,11640022.0,11.831,4.4214,87746.0,20.55,68.0,108.0
   Rwanda,RWA,2020,513907.0,country,False,10487146253.4025,802.638686936204,13065837.0,11.829,3.9332,-740.0,-0.14,78.0,117.0
   Saudi Arabia,SAU,1990,4998445.0,country,False,117630173564.753,11054.7495049666,10640691.0,,46.9748,,,8.0,12.0
   Saudi Arabia,SAU,1995,5122702.0,country,False,143343124165.554,10786.4008952769,13289245.0,6.365,38.5477,124257.0,2.49,7.0,17.0
   Saudi Arabia,SAU,2000,5263387.0,country,False,189514933333.333,11714.5623675159,16177722.0,4.57,32.5348,140685.0,2.75,8.0,22.0
   Saudi Arabia,SAU,2005,6501819.0,country,False,328459608764.111,15975.7473782258,20559890.0,6.051,31.6238,1238432.0,23.53,5.0,23.0
   Saudi Arabia,SAU,2010,8429956.0,country,False,528207466666.667,22028.3901426586,23978487.0,5.55,35.1563,1928137.0,29.66,4.0,21.0
   Saudi Arabia,SAU,2015,10771366.0,country,False,693414400000.0,23256.1549553531,29816382.0,5.6,36.1257,2341410.0,27.77,3.0,22.0
   Saudi Arabia,SAU,2020,13454842.0,country,False,767951200000.0,24338.8307301067,31552510.0,7.66,42.6427,2683476.0,24.91,3.0,21.0
   Sudan,SDN,1990,1402896.0,country,False,33641222222.2222,1257.1875,22021481.0,,6.3706,,,20.0,82.0
   Sudan,SDN,1995,1053396.0,country,False,13830363899.9163,462.585235595703,24672143.0,15.627,4.2696,-349500.0,-24.91,30.0,104.0
   Sudan,SDN,2000,805086.0,country,False,12257299147.2936,362.116882324219,27816745.0,15.595,2.8942,-248310.0,-23.57,43.0,122.0
   Sudan,SDN,2005,546419.0,country,False,35182711987.974,905.543640136719,31262444.0,15.545,1.7478,-258667.0,-32.13,60.0,151.0
   Sudan,SDN,2010,618709.0,country,False,58962978034.4828,1305.63598632813,35414399.0,15.168,1.7471,72290.0,13.23,56.0,151.0
   Sudan,SDN,2015,620523.0,country,False,51726758676.7677,1292.37963867188,40024431.0,14.39,1.5504,1814.0,0.29,63.0,158.0
   Sudan,SDN,2020,1379147.0,country,False,27034593750.0,577.795227050781,46789231.0,11.995,2.9476,758624.0,122.26,43.0,135.0
   Senegal,SEN,1990,270410.0,country,False,7390967360.42121,957.314337438177,7720523.0,,3.5025,,,84.0,122.0
   Senegal,SEN,1995,287654.0,country,False,6326342633.4034,714.994396357297,8848101.0,2.846,3.251,17244.0,6.38,76.0,119.0
   Senegal,SEN,2000,231901.0,country,False,6013185003.97525,603.233162455158,9968260.0,2.638,2.3264,-55753.0,-19.38,88.0,135.0
   Senegal,SEN,2005,238298.0,country,False,11009033437.939,979.846101520171,11235472.0,2.679,2.1209,6397.0,2.76,92.0,142.0
   Senegal,SEN,2010,256092.0,country,False,16121315909.0758,1275.88357492357,12635413.0,2.795,2.0268,17794.0,7.47,92.0,143.0
   Senegal,SEN,2015,266496.0,country,False,17774766696.1759,1218.00613555438,14593331.0,6.757,1.8261,10404.0,4.06,97.0,151.0
   Senegal,SEN,2020,274929.0,country,False,24530513037.7518,1461.08720350553,16789219.0,3.432,1.6375,8433.0,3.16,100.0,160.0
   Singapore,SGP,1990,727262.0,country,False,36144336768.7023,11861.7561591366,3047132.0,,23.8671,,,41.0,28.0
   Singapore,SGP,1995,991492.0,country,False,87812540788.4293,24914.8507020358,3524506.0,3.3,28.1314,264230.0,36.33,34.0,24.0
   Singapore,SGP,2000,1351691.0,country,False,96076539925.7409,23852.8389514753,4027887.0,3.7,33.5583,360199.0,36.33,27.0,19.0
   Singapore,SGP,2005,1710594.0,country,False,127807848728.398,29961.3172812732,4265762.0,5.59,40.1005,358903.0,26.55,26.0,18.0
   Singapore,SGP,2010,2164794.0,country,False,239807980591.24,47236.683084953,5076732.0,4.12,42.6415,454200.0,26.55,22.0,18.0
   Singapore,SGP,2015,2483405.0,country,False,307998545269.398,55645.6068614606,5535002.0,3.79,44.8673,318611.0,14.72,24.0,15.0
   Singapore,SGP,2020,2523648.0,country,False,351226533656.292,61772.5036492256,5685807.0,4.1,44.385,40243.0,1.62,26.0,20.0
   Solomon Islands,SLB,1990,4226.0,country,False,214877666.846068,648.325212624098,331435.0,,1.2751,,,193.0,156.0
   Solomon Islands,SLB,1995,4178.0,country,False,469443201.503274,1220.17919311126,384733.0,1.841,1.0859,-48.0,-1.14,198.0,164.0
   Solomon Islands,SLB,2000,3981.0,country,False,419842674.227652,953.17190137706,440469.0,2.446,0.9038,-197.0,-4.72,201.0,171.0
   Solomon Islands,SLB,2005,3271.0,country,False,552881356.697517,1144.49233397681,483080.0,1.879,0.6771,-710.0,-17.83,205.0,177.0
   Solomon Islands,SLB,2010,2760.0,country,False,898128551.289162,1685.14535823757,532968.0,1.617,0.5179,-511.0,-15.62,211.0,190.0
   Solomon Islands,SLB,2015,2585.0,country,False,1307908813.59962,2045.47721526649,639415.0,0.736,0.4043,-175.0,-6.34,211.0,197.0
   Solomon Islands,SLB,2020,2520.0,country,False,1536143427.82958,2063.32780991967,744498.0,0.868,0.3385,-65.0,-2.51,211.0,202.0
   Sierra Leone,SLE,1990,222148.0,country,False,649644097.566129,154.794072467618,4196828.0,,5.2932,,,89.0,95.0
   Sierra Leone,SLE,1995,98516.0,country,False,870740291.519248,208.351997250955,4179179.0,4.317,2.3573,-123632.0,-55.65,122.0,143.0
   Sierra Leone,SLE,2000,97974.0,country,False,635866403.776065,143.743743239644,4423611.0,4.137,2.2148,-542.0,-0.55,122.0,138.0
   Sierra Leone,SLE,2005,146227.0,country,False,2545275312.60512,462.633324427945,5501712.0,3.734,2.6578,48253.0,49.25,110.0,125.0
   Sierra Leone,SLE,2010,79265.0,country,False,4262805966.78755,685.039673490948,6222714.0,4.34,1.2738,-66962.0,-45.79,131.0,164.0
   Sierra Leone,SLE,2015,58830.0,country,False,6788352974.78329,964.575980888989,7037655.0,4.483,0.8359,-20435.0,-25.78,144.0,179.0
   Sierra Leone,SLE,2020,53746.0,country,False,6688307705.64217,845.277558236182,7912558.0,3.509,0.6792,-5084.0,-8.64,152.0,184.0
   El Salvador,SLV,1990,47360.0,country,False,4817542204.0,892.18271519703,5399726.0,,0.8771,,,138.0,170.0
   El Salvador,SLV,1995,39537.0,country,False,8921947100.0,1548.3763038362,5762131.0,7.65,0.6862,-7823.0,-16.52,146.0,179.0
   El Salvador,SLV,2000,31713.0,country,False,11784927700.0,1982.87093542615,5943366.0,6.96,0.5336,-7824.0,-19.79,154.0,182.0
   El Salvador,SLV,2005,36029.0,country,False,14698000000.0,2447.39140845394,6005578.0,7.22,0.5999,4316.0,13.61,153.0,182.0
   El Salvador,SLV,2010,40342.0,country,False,18447920000.0,3040.07300952878,6068249.0,4.893,0.6648,4313.0,11.97,154.0,181.0
   El Salvador,SLV,2015,42059.0,country,False,23438240000.0,3790.34089108162,6183676.0,3.998,0.6802,1717.0,4.26,157.0,184.0
   El Salvador,SLV,2020,42767.0,country,False,24921190000.0,3997.19279583709,6234673.0,5.008,0.686,708.0,1.68,161.0,183.0
   San Marino,SMR,1990,3310.0,country,False,,,23475.0,,14.1001,,,200.0,48.0
   San Marino,SMR,1995,3659.0,country,False,,,25158.0,,14.5441,349.0,10.54,200.0,45.0
   San Marino,SMR,2000,4045.0,country,False,1007661290.98039,37600.7049136309,26799.0,,15.0938,386.0,10.55,200.0,43.0
   San Marino,SMR,2005,4218.0,country,False,1786513631.1284,59877.7862692185,29836.0,,14.1373,173.0,4.28,203.0,47.0
   San Marino,SMR,2010,4880.0,country,False,1881191950.0,56543.190562068,33270.0,,14.6679,662.0,15.69,204.0,48.0
   San Marino,SMR,2015,5195.0,country,False,1419400395.73301,43146.8035302005,32897.0,,15.7917,315.0,6.45,201.0,46.0
   San Marino,SMR,2020,5543.0,country,False,1544713784.67674,44426.6259613672,34770.0,,15.9419,348.0,6.7,201.0,50.0
   Somalia,SOM,1990,478294.0,country,False,1031282081.16683,145.603501373513,7082811.0,,6.7529,,,56.0,79.0
   Somalia,SOM,1995,19527.0,country,False,1534756134.55022,210.673254610492,7285007.0,19.585,0.268,-458767.0,-95.92,169.0,198.0
   Somalia,SOM,2000,20097.0,country,False,3412797450.20112,386.119274401275,8838713.0,18.678,0.2274,570.0,2.92,171.0,200.0
   Somalia,SOM,2005,20768.0,country,False,4683246454.10048,439.979907805478,10644228.0,18.671,0.1951,671.0,3.34,171.0,202.0
   Somalia,SOM,2010,48106.0,country,False,2687807003.73935,219.202453852397,12261756.0,18.741,0.3923,27338.0,131.64,149.0,195.0
   Somalia,SOM,2015,40990.0,country,False,6152149099.99942,445.583080073396,13806963.0,18.495,0.2969,-7116.0,-14.79,158.0,203.0
   Somalia,SOM,2020,58590.0,country,False,8628000000.0,518.16113333875,16651191.0,19.414,0.3519,17600.0,42.94,149.0,200.0
   Serbia*,SRB,1990,99269.0,country,False,,,7897937.0,,1.2569,,,115.0,159.0
   Serbia*,SRB,1995,870980.0,country,False,17921892655.3672,2349.40645150289,7628264.0,13.4,11.4178,771711.0,777.39,41.0,54.0
   Serbia*,SRB,2000,977873.0,country,False,7326373882.11044,974.725469278615,7516346.0,12.6,13.01,106893.0,12.27,39.0,46.0
   Serbia*,SRB,2005,854848.0,country,False,28334256180.8801,3807.97417321786,7440769.0,20.85,11.4887,-123025.0,-12.58,41.0,57.0
   Serbia*,SRB,2010,826275.0,country,False,43536629233.1424,5970.92660940072,7291436.0,19.204,11.3321,-28573.0,-3.34,47.0,65.0
   Serbia*,SRB,2015,807441.0,country,False,41297410634.9586,5820.3215576888,7095383.0,17.66,11.3798,-18834.0,-2.28,54.0,72.0
   Serbia*,SRB,2020,823011.0,country,False,55874017668.998,8098.70955668849,6899126.0,9.011,11.9292,15570.0,1.93,63.0,71.0
   South Sudan,SSD,1990,,country,False,,,4737633.0,,,,,,
   South Sudan,SSD,1995,,country,False,,,5225836.0,12.334,,,,,
   South Sudan,SSD,2000,,country,False,,,6032267.0,12.309,,,,,
   South Sudan,SSD,2005,,country,False,,,7590143.0,12.266,,,,,
   South Sudan,SSD,2010,230732.0,country,False,14602072410.9506,1498.27034985194,9745953.0,12.473,2.3675,,,97.0,135.0
   South Sudan,SSD,2015,844112.0,country,False,11997800760.2242,1080.14718624765,11107561.0,12.464,7.5994,613380.0,265.84,51.0,88.0
   South Sudan,SSD,2020,882252.0,country,False,,,10698467.0,14.246,8.2465,38140.0,4.52,58.0,86.0
   Sao Tome and Principe,STP,1990,5582.0,country,False,119297932.757045,970.059625606155,122980.0,,4.5389,,,188.0,103.0
   Sao Tome and Principe,STP,1995,4936.0,country,False,103695236.781001,768.710751184259,134895.0,14.342,3.6591,-646.0,-11.57,194.0,112.0
   Sao Tome and Principe,STP,2000,4365.0,country,False,76198394.8202671,529.089383412262,144018.0,14.4,3.0309,-571.0,-11.57,198.0,119.0
   Sao Tome and Principe,STP,2005,3433.0,country,False,136450662.390592,844.169181884274,161639.0,16.47,2.1239,-932.0,-21.35,204.0,140.0
   Sao Tome and Principe,STP,2010,2700.0,country,False,190021192.489536,1045.20958234528,181802.0,14.628,1.4851,-733.0,-21.35,212.0,156.0
   Sao Tome and Principe,STP,2015,2394.0,country,False,259999643.047388,1298.10946596396,200291.0,10.591,1.1953,-306.0,-11.33,212.0,168.0
   Sao Tome and Principe,STP,2020,2139.0,country,False,471229484.607144,2167.22001796925,217435.0,9.679,0.9837,-255.0,-10.65,213.0,174.0
   Suriname,SUR,1990,18083.0,country,False,388400000.0,941.591736102188,412493.0,,4.3838,,,168.0,104.0
   Suriname,SUR,1995,22320.0,country,False,691590497.737557,1609.82504373206,429606.0,8.39,5.1955,4237.0,23.43,165.0,92.0
   Suriname,SUR,2000,27506.0,country,False,947671969.69697,1988.22172925433,476643.0,12.873,5.7708,5186.0,23.23,160.0,89.0
   Suriname,SUR,2005,33662.0,country,False,1793410397.38738,3453.42865937765,519313.0,9.302,6.482,6156.0,22.38,156.0,86.0
   Suriname,SUR,2010,39713.0,country,False,4368370997.92126,7943.60482816915,549923.0,7.15,7.2216,6051.0,17.98,155.0,88.0
   Suriname,SUR,2015,43127.0,country,False,5126237646.22072,8813.61705392067,581627.0,7.22,7.4149,3414.0,8.6,154.0,89.0
   Suriname,SUR,2020,47801.0,country,False,2911807496.20227,4755.39221710693,612317.0,8.973,7.8066,4674.0,10.84,158.0,88.0
   Slovakia,SVK,1990,41295.0,country,False,17068924601.58,3221.04590790625,5299187.0,,0.7793,,,143.0,178.0
   Slovakia,SVK,1995,69323.0,country,False,20306095054.0841,3787.03820237267,5361999.0,13.109,1.2929,28028.0,67.87,134.0,161.0
   Slovakia,SVK,2000,116376.0,country,False,20626538612.3376,3827.72506501314,5388720.0,18.546,2.1596,47053.0,67.88,117.0,140.0
   Slovakia,SVK,2005,130491.0,country,False,48823790951.4538,9087.20357002472,5372807.0,16.276,2.4287,14115.0,12.13,113.0,134.0
   Slovakia,SVK,2010,146319.0,country,False,91112160800.7668,16899.448680529,5391428.0,14.387,2.7139,15828.0,12.13,114.0,127.0
   Slovakia,SVK,2015,177624.0,country,False,89178548717.3324,16442.0760860018,5423801.0,11.492,3.2749,31305.0,21.4,113.0,123.0
   Slovakia,SVK,2020,197161.0,country,False,107732602896.441,19735.4858280801,5458827.0,6.719,3.6118,19537.0,11.0,111.0,123.0
   Slovenia,SVN,1990,178077.0,country,False,19832029087.1272,9925.14071044684,1998161.0,,8.912,,,93.0,68.0
   Slovenia,SVN,1995,174419.0,country,False,21367422159.3207,10738.0887611468,1989872.0,7.15,8.7653,-3658.0,-2.05,97.0,70.0
   Slovenia,SVN,2000,214508.0,country,False,20159190701.6789,10135.7219109212,1988925.0,6.918,10.7851,40089.0,22.98,92.0,61.0
   Slovenia,SVN,2005,217218.0,country,False,35947936823.7781,17969.7095907161,2000474.0,6.506,10.8583,2710.0,1.26,97.0,64.0
   Slovenia,SVN,2010,253786.0,country,False,47793117240.9001,23329.8417691156,2048583.0,7.236,12.3884,36568.0,16.83,94.0,57.0
   Slovenia,SVN,2015,237616.0,country,False,42709468274.8137,20697.2748530619,2063531.0,8.962,11.515,-16170.0,-6.37,103.0,67.0
   Slovenia,SVN,2020,277964.0,country,False,53384760135.1581,25392.0651093612,2102419.0,4.971,13.2212,40348.0,16.98,98.0,63.0
   Sweden,SWE,1990,788767.0,country,False,261466577008.853,30549.3185706762,8558835.0,,9.2158,,,39.0,65.0
   Sweden,SWE,1995,936022.0,country,False,267050453506.792,30254.0273028727,8826939.0,8.897,10.6042,147255.0,18.67,37.0,59.0
   Sweden,SWE,2000,1003798.0,country,False,262903560280.282,29632.5890811623,8872109.0,5.466,11.3141,67776.0,7.24,36.0,55.0
   Sweden,SWE,2005,1125790.0,country,False,391688455928.597,43378.4077394363,9029572.0,7.81,12.4678,121992.0,12.15,35.0,52.0
   Sweden,SWE,2010,1337214.0,country,False,492750897239.447,52542.5759090299,9378126.0,8.61,14.2589,211424.0,18.78,36.0,51.0
   Sweden,SWE,2015,1602522.0,country,False,501602351911.6,51188.1652120493,9799186.0,7.432,16.3536,265308.0,19.84,35.0,42.0
   Sweden,SWE,2020,2003908.0,country,False,544265668451.678,52568.5726980146,10353442.0,8.291,19.355,401386.0,25.05,34.0,40.0
   Eswatini,SWZ,1990,74991.0,country,False,1114694040.66987,1277.69173005665,872428.0,,8.5957,,,123.0,70.0
   Eswatini,SWZ,1995,35157.0,country,False,1698989463.99106,1750.75400773784,970433.0,21.65,3.6228,-39834.0,-53.12,149.0,115.0
   Eswatini,SWZ,2000,34084.0,country,False,1697161557.89452,1629.67038842815,1041414.0,24.547,3.2729,-1073.0,-3.05,152.0,116.0
   Eswatini,SWZ,2005,33392.0,country,False,3097946371.06311,2871.06877437449,1079022.0,27.221,3.0947,-692.0,-2.03,157.0,120.0
   Eswatini,SWZ,2010,32637.0,country,False,4360714358.88708,3922.74039390733,1111650.0,26.856,2.9359,-755.0,-2.26,165.0,124.0
   Eswatini,SWZ,2015,32352.0,country,False,3908217914.21824,3419.82276559528,1142813.0,23.431,2.8309,-285.0,-0.87,167.0,129.0
   Eswatini,SWZ,2020,32858.0,country,False,4134677809.50096,3466.56936278145,1192729.0,32.978,2.7549,506.0,1.56,168.0,139.0
   Sint Maarten (Dutch part)*,SXM,1990,,territory,False,,,28061.0,,,,,,
   Sint Maarten (Dutch part)*,SXM,1995,,territory,False,,,31772.0,,,,,,
   Sint Maarten (Dutch part)*,SXM,2000,,territory,False,,,30773.0,,,,,,
   Sint Maarten (Dutch part)*,SXM,2005,13099.0,territory,False,,,32057.0,,40.8616,,,182.0,17.0
   Sint Maarten (Dutch part)*,SXM,2010,26203.0,territory,False,892290502.793296,26403.8143692163,33794.0,,77.5374,13104.0,100.04,171.0,3.0
   Sint Maarten (Dutch part)*,SXM,2015,27295.0,territory,False,1417888715.0838,37839.6283815163,37471.0,,72.843,1092.0,4.17,173.0,3.0
   Sint Maarten (Dutch part)*,SXM,2020,28845.0,territory,False,1236428100.55866,30150.8998380477,41008.0,,70.3399,1550.0,5.68,175.0,4.0
   Seychelles,SYC,1990,3721.0,country,False,392163560.868669,5642.072897243,69507.0,,5.3534,,,196.0,93.0
   Seychelles,SYC,1995,5148.0,country,False,540733047.733048,7180.66832748656,75304.0,,6.8363,1427.0,38.35,193.0,80.0
   Seychelles,SYC,2000,6574.0,country,False,654212394.27164,8063.65500575169,81131.0,,8.1029,1426.0,27.7,192.0,74.0
   Seychelles,SYC,2005,8997.0,country,False,977899381.818182,11802.1118276833,82858.0,,10.8583,2423.0,36.86,191.0,64.0
   Seychelles,SYC,2010,11420.0,country,False,981616542.328454,10934.79494629,89770.0,,12.7214,2423.0,26.93,190.0,55.0
   Seychelles,SYC,2015,12791.0,country,False,1432403352.12944,15333.1051727105,93419.0,,13.6921,1371.0,12.01,189.0,55.0
   Seychelles,SYC,2020,13050.0,country,False,1382551751.56908,14041.4754074575,98462.0,,13.2538,259.0,2.02,190.0,62.0
   Syrian Arab Republic,SYR,1990,714140.0,country,False,12308624417.8268,978.489616979607,12579208.0,,5.6771,,,42.0,89.0
   Syrian Arab Republic,SYR,1995,830610.0,country,False,11396706586.8263,779.699100153744,14616801.0,7.2,5.6826,116470.0,16.31,43.0,87.0
   Syrian Arab Republic,SYR,2000,834916.0,country,False,18937031609.7969,1138.18722723683,16637888.0,9.587,5.0182,4306.0,0.52,41.0,96.0
   Syrian Arab Republic,SYR,2005,882398.0,country,False,28858937499.1801,1533.90017615946,18814091.0,8.81,4.6901,47482.0,5.69,40.0,97.0
   Syrian Arab Republic,SYR,2010,1783595.0,country,False,61390833272.6687,2730.61487784917,22482421.0,8.61,7.9333,901197.0,102.13,30.0,85.0
   Syrian Arab Republic,SYR,2015,835716.0,country,False,16466861435.0236,847.731545352582,19424618.0,14.244,4.3024,-947879.0,-53.14,52.0,110.0
   Syrian Arab Republic,SYR,2020,868711.0,country,False,12501503673.2425,593.911771822527,21049429.0,15.179,4.127,32995.0,3.95,60.0,113.0
   Turks and Caicos Islands*,TCA,1990,5062.0,territory,False,,,11688.0,,43.3094,,,190.0,14.0
   Turks and Caicos Islands*,TCA,1995,7039.0,territory,False,,,15052.0,,46.7645,1977.0,39.06,190.0,12.0
   Turks and Caicos Islands*,TCA,2000,9015.0,territory,False,,,18730.0,,48.1313,1976.0,28.07,186.0,12.0
   Turks and Caicos Islands*,TCA,2005,13115.0,territory,False,578645800.0,24122.3028180757,23988.0,,54.6732,4100.0,45.48,181.0,9.0
   Turks and Caicos Islands*,TCA,2010,17216.0,territory,False,686788000.0,23093.8498268267,29739.0,,57.8903,4101.0,31.27,181.0,10.0
   Turks and Caicos Islands*,TCA,2015,22723.0,territory,False,1078274000.0,29457.0140691162,36605.0,,62.0762,5507.0,31.99,179.0,7.0
   Turks and Caicos Islands*,TCA,2020,25748.0,territory,False,918387000.0,20690.9160546118,44386.0,,58.0093,3025.0,13.31,178.0,11.0
   Chad,TCD,1990,74342.0,country,False,1738605557.76313,290.599045262191,5982833.0,,1.2426,,,124.0,160.0
   Chad,TCD,1995,89584.0,country,False,1445919894.57661,203.964852705041,7089064.0,0.755,1.2637,15242.0,20.5,125.0,162.0
   Chad,TCD,2000,104825.0,country,False,1388506771.58756,163.121663683369,8512093.0,0.796,1.2315,15241.0,17.01,119.0,160.0
   Chad,TCD,2005,352130.0,country,False,8655892392.92919,838.092107712557,10328092.0,0.663,3.4094,247305.0,235.92,74.0,115.0
   Chad,TCD,2010,417034.0,country,False,14058506663.7252,1141.80069268412,12312575.0,0.911,3.3871,64904.0,18.43,68.0,120.0
   Chad,TCD,2015,466968.0,country,False,14559599499.5011,993.990730610869,14647621.0,1.032,3.188,49934.0,11.97,72.0,125.0
   Chad,TCD,2020,547494.0,country,False,14932897821.2387,866.947814890409,17224679.0,1.695,3.1785,80526.0,17.24,73.0,131.0
   Togo,TGO,1990,84844.0,country,False,2299665505.61434,619.184841877398,3714021.0,,2.2844,,,119.0,139.0
   Togo,TGO,1995,101583.0,country,False,1849110468.19569,449.85596910209,4110450.0,3.99,2.4713,16739.0,19.73,118.0,140.0
   Togo,TGO,2000,137968.0,country,False,2106848752.27753,440.420399069497,4783722.0,4.162,2.8841,36385.0,35.82,108.0,123.0
   Togo,TGO,2005,204219.0,country,False,3221910408.46516,595.200212014134,5413154.0,4.149,3.7726,66251.0,48.02,99.0,109.0
   Togo,TGO,2010,255564.0,country,False,4746386893.22553,750.323421086121,6325788.0,2.379,4.04,51345.0,25.14,93.0,113.0
   Togo,TGO,2015,277384.0,country,False,5755457836.01866,813.894676975085,7071502.0,2.204,3.9226,21820.0,8.54,94.0,114.0
   Togo,TGO,2020,279936.0,country,False,7486031561.86885,961.219781201934,7788054.0,2.231,3.5944,2552.0,0.92,97.0,124.0
   Thailand,THA,1990,528693.0,country,False,85343190719.0107,1559.11209344755,54738329.0,,0.9659,,,53.0,167.0
   Thailand,THA,1995,809720.0,country,False,169278916592.843,2864.36515719866,59098232.0,1.1,1.3701,281027.0,53.16,44.0,160.0
   Thailand,THA,2000,1257821.0,country,False,126392224253.794,2005.97694514234,63007815.0,2.389,1.9963,448101.0,55.34,30.0,145.0
   Thailand,THA,2005,2195610.0,country,False,189318408468.595,2867.70383436062,66017420.0,1.35,3.3258,937789.0,74.56,20.0,116.0
   Thailand,THA,2010,3234381.0,country,False,341104766329.17,4973.86288823778,68579447.0,0.622,4.7163,1038771.0,47.31,16.0,98.0
   Thailand,THA,2015,3470220.0,country,False,401296238228.084,5688.85335397884,70540795.0,0.597,4.9195,235839.0,7.29,17.0,101.0
   Thailand,THA,2020,3632496.0,country,False,500274927778.532,6983.03412836245,71641484.0,1.099,5.0704,162276.0,4.68,16.0,104.0
   Tajikistan,TJK,1990,428900.0,country,False,2629395066.27017,487.03612866309,5398768.0,,7.9444,,,63.0,73.0
   Tajikistan,TJK,1995,348347.0,country,False,1231561860.39946,207.034457343036,5948584.0,3.45,5.856,-80553.0,-18.78,69.0,85.0
   Tajikistan,TJK,2000,299499.0,country,False,860541842.263697,136.925716400723,6284735.0,4.15,4.7655,-48848.0,-14.02,76.0,98.0
   Tajikistan,TJK,2005,280466.0,country,False,2312352020.6689,333.927150941684,6924720.0,3.45,4.0502,-19033.0,-6.35,82.0,106.0
   Tajikistan,TJK,2010,279808.0,country,False,5642221099.17704,737.338883219356,7652141.0,7.037,3.6566,-658.0,-0.23,88.0,117.0
   Tajikistan,TJK,2015,275101.0,country,False,8271431485.07484,956.916310930656,8643840.0,7.033,3.1826,-4707.0,-1.68,95.0,126.0
   Tajikistan,TJK,2020,276031.0,country,False,8133963550.65742,834.311715460625,9749310.0,7.576,2.8313,930.0,0.34,99.0,136.0
   Turkmenistan,TKM,1990,306500.0,country,False,3189539641.3171,848.155047388424,3760562.0,,8.1504,,,75.0,71.0
   Turkmenistan,TKM,1995,273565.0,country,False,2482228439.71407,592.247247321132,4191203.0,8.3,6.5271,-32935.0,-10.75,79.0,83.0
   Turkmenistan,TKM,2000,219067.0,country,False,2904663310.9825,633.835487638011,4582677.0,11.73,4.7803,-54498.0,-19.92,91.0,97.0
   Turkmenistan,TKM,2005,213053.0,country,False,8103901996.37024,1604.01618452312,5052257.0,7.495,4.217,-6014.0,-2.75,98.0,103.0
   Turkmenistan,TKM,2010,197979.0,country,False,22583157894.7368,4058.53937000739,5564356.0,4.0,3.558,-15074.0,-7.08,104.0,118.0
   Turkmenistan,TKM,2015,196376.0,country,False,35799714285.7143,5759.497903834,6215770.0,4.016,3.1593,-1603.0,-0.81,108.0,127.0
   Turkmenistan,TKM,2020,194920.0,country,False,27350527267.6636,3935.37749365223,6949912.0,4.489,2.8046,-1456.0,-0.74,112.0,138.0
   Timor-Leste,TLS,1990,8954.0,country,False,128210142.0,168.621010199317,760345.0,,1.1776,,,181.0,161.0
   Timor-Leste,TLS,1995,9743.0,country,False,262819900.0,302.736982028369,868146.0,3.348,1.1223,789.0,8.81,183.0,163.0
   Timor-Leste,TLS,2000,10602.0,country,False,366924300.0,492.457669429651,745088.0,3.529,1.4229,859.0,8.82,184.0,156.0
   Timor-Leste,TLS,2005,11286.0,country,False,462268000.0,487.464555404292,948311.0,3.611,1.1901,684.0,6.45,187.0,164.0
   Timor-Leste,TLS,2010,11540.0,country,False,881909300.0,813.060177250597,1084679.0,3.301,1.0639,254.0,2.25,189.0,170.0
   Timor-Leste,TLS,2015,8520.0,country,False,1590282400.0,1319.59297370991,1205131.0,3.678,0.707,-3020.0,-26.17,195.0,183.0
   Timor-Leste,TLS,2020,8399.0,country,False,2162619200.0,1630.86935439232,1326053.0,2.808,0.6334,-121.0,-1.42,194.0,188.0
   Tonga,TON,1990,2911.0,country,False,113563821.577404,1139.0553819198,99700.0,,2.9198,,,202.0,129.0
   Tonga,TON,1995,3274.0,country,False,208871665.748682,2084.02759539718,100225.0,1.987,3.2667,363.0,12.47,203.0,118.0
   Tonga,TON,2000,3684.0,country,False,204848487.806485,1995.07667546271,102677.0,3.966,3.588,410.0,12.52,203.0,111.0
   Tonga,TON,2005,4301.0,country,False,261823805.433238,2477.72620144825,105671.0,2.542,4.0702,617.0,16.75,202.0,104.0
   Tonga,TON,2010,4607.0,country,False,366887374.989696,3416.08356601207,107400.0,1.501,4.2896,306.0,7.11,205.0,106.0
   Tonga,TON,2015,3954.0,country,False,437525538.903019,4123.90347238813,106095.0,2.022,3.7268,-653.0,-14.17,206.0,118.0
   Tonga,TON,2020,3742.0,country,False,506571486.576395,4792.35872413906,105704.0,2.712,3.5401,-212.0,-5.36,205.0,125.0
   Trinidad and Tobago,TTO,1990,50666.0,country,False,5068000000.0,4047.25093594674,1252208.0,,4.0461,,,137.0,110.0
   Trinidad and Tobago,TTO,1995,45994.0,country,False,5329217747.21258,4114.68908475464,1295169.0,17.22,3.5512,-4672.0,-9.22,140.0,116.0
   Trinidad and Tobago,TTO,2000,41753.0,country,False,8154342116.10311,6178.58975559687,1319774.0,12.1,3.1636,-4241.0,-9.22,144.0,118.0
   Trinidad and Tobago,TTO,2005,44812.0,country,False,15982389018.4041,12346.4373094075,1294494.0,7.95,3.4617,3059.0,7.33,146.0,114.0
   Trinidad and Tobago,TTO,2010,48226.0,country,False,22157920592.3669,16815.424737361,1317714.0,4.033,3.6598,3414.0,7.62,148.0,116.0
   Trinidad and Tobago,TTO,2015,50021.0,country,False,26841141793.2143,19887.2327716498,1349667.0,2.428,3.7062,1795.0,3.72,151.0,119.0
   Trinidad and Tobago,TTO,2020,78849.0,country,False,20888515184.2239,15283.6270531554,1366725.0,4.206,5.7692,28828.0,57.63,139.0,100.0
   Tunisia,TUN,1990,37984.0,country,False,12290568181.8182,1476.43160477311,8324509.0,,0.4563,,,146.0,190.0
   Tunisia,TUN,1995,37867.0,country,False,18030876599.3444,1968.16600944373,9161258.0,16.348,0.4133,-117.0,-0.31,147.0,190.0
   Tunisia,TUN,2000,36719.0,country,False,21473528160.7782,2199.04465936314,9764935.0,14.94,0.376,-1148.0,-3.03,148.0,193.0
   Tunisia,TUN,2005,35040.0,country,False,32272186694.8043,3146.8260743927,10255472.0,12.872,0.3417,-1679.0,-4.57,154.0,195.0
   Tunisia,TUN,2010,43172.0,country,False,46206091937.9628,4291.86120891575,10765980.0,13.049,0.401,8132.0,23.21,153.0,193.0
   Tunisia,TUN,2015,56532.0,country,False,45779494041.9295,4014.94773686432,11402264.0,15.159,0.4958,13360.0,30.95,146.0,192.0
   Tunisia,TUN,2020,60145.0,country,False,42491780918.361,3548.65363663803,11974057.0,17.651,0.5023,3613.0,6.39,148.0,193.0
   Turkey,TUR,1990,1163686.0,country,False,150655500191.644,2689.52621921233,56015628.0,,2.0774,,,27.0,145.0
   Turkey,TUR,1995,1216173.0,country,False,234699627004.035,3845.98997887841,61024503.0,7.644,1.9929,52487.0,4.51,27.0,147.0
   Turkey,TUR,2000,1280963.0,country,False,274748463178.502,4199.3798635759,65425961.0,6.495,1.9579,64790.0,5.33,28.0,147.0
   Turkey,TUR,2005,1324108.0,country,False,508314210212.544,7331.85429430255,69329557.0,10.636,1.9099,43145.0,3.37,31.0,147.0
   Turkey,TUR,2010,1373749.0,country,False,782545664268.333,10698.9699409757,73142150.0,11.879,1.8782,49641.0,3.75,33.0,148.0
   Turkey,TUR,2015,4346197.0,country,False,865460050683.656,11064.6494504662,78218479.0,10.304,5.5565,2972448.0,216.37,14.0,98.0
   Turkey,TUR,2020,6052652.0,country,False,733628247119.077,8798.11791709313,83384680.0,13.148,7.2587,1706455.0,39.26,12.0,92.0
   Tuvalu,TUV,1990,318.0,country,False,9542900.90136505,1084.66707221699,8798.0,,3.6145,,,210.0,119.0
   Tuvalu,TUV,1995,263.0,country,False,11922614.1984666,1284.76446104166,9280.0,,2.8341,-55.0,-17.3,210.0,129.0
   Tuvalu,TUV,2000,218.0,country,False,14881202.5785774,1559.22072281826,9544.0,,2.2842,-45.0,-17.11,210.0,137.0
   Tuvalu,TUV,2005,209.0,country,False,22846519.1722166,2298.44257265761,9940.0,,2.1026,-9.0,-4.13,211.0,143.0
   Tuvalu,TUV,2010,220.0,country,False,32425361.8050211,3054.96154183353,10614.0,,2.0727,11.0,5.26,214.0,142.0
   Tuvalu,TUV,2015,230.0,country,False,36755290.7767318,3352.66722400181,10963.0,,2.098,10.0,4.55,214.0,147.0
   Tuvalu,TUV,2020,239.0,country,False,52302514.9939611,5029.57159284173,10399.0,,2.2983,9.0,3.91,214.0,146.0
   United Republic of Tanzania*,TZA,1990,574025.0,country,False,6184384225.02712,243.611557006836,26110207.0,,2.1985,,,50.0,141.0
   United Republic of Tanzania*,TZA,1995,1106043.0,country,False,7631431840.49992,258.418334960938,30383497.0,3.672,3.6403,532018.0,92.68,29.0,114.0
   United Republic of Tanzania*,TZA,2000,949600.0,country,False,13371767081.7428,401.698150634766,34260139.0,3.129,2.7717,-156443.0,-14.14,40.0,125.0
   United Republic of Tanzania*,TZA,2005,771153.0,country,False,18395383647.4975,483.334869384766,39182076.0,3.193,1.9681,-178447.0,-18.79,45.0,145.0
   United Republic of Tanzania*,TZA,2010,309847.0,country,False,32012892919.37,736.530151367188,44758488.0,3.03,0.6923,-461306.0,-59.82,81.0,180.0
   United Republic of Tanzania*,TZA,2015,384567.0,country,False,47413919817.124,939.127319335938,52020962.0,2.009,0.7393,74720.0,24.12,80.0,182.0
   United Republic of Tanzania*,TZA,2020,426017.0,country,False,66068737786.0639,1117.41528320313,60972798.0,1.792,0.6987,41450.0,10.78,82.0,182.0
   Uganda,UGA,1990,544273.0,country,False,4304399310.30967,244.987168126806,17569897.0,,3.0978,,,51.0,126.0
   Uganda,UGA,1995,606987.0,country,False,5755818842.49246,278.520835668767,20665667.0,3.193,2.9372,62714.0,11.52,53.0,126.0
   Uganda,UGA,2000,584280.0,country,False,6193246837.09687,258.050338731086,24000150.0,3.531,2.4345,-22707.0,-3.74,55.0,133.0
   Uganda,UGA,2005,593308.0,country,False,9239221763.05793,330.405402707025,27963289.0,1.9,2.1217,9028.0,1.55,57.0,141.0
   Uganda,UGA,2010,492930.0,country,False,26673441430.7857,823.488144282,32390802.0,3.623,1.5218,-100378.0,-16.92,64.0,155.0
   Uganda,UGA,2015,851175.0,country,False,32387183730.1002,862.934610355811,37531446.0,2.681,2.2679,358245.0,72.68,50.0,141.0
   Uganda,UGA,2020,1720313.0,country,False,37600368241.6657,845.766463890124,44457152.0,3.819,3.8696,869138.0,102.11,39.0,118.0
   Ukraine*,UKR,1990,6892920.0,country,False,81393558423.4406,1563.63415527344,52054092.0,,13.2418,,,4.0,50.0
   Ukraine*,UKR,1995,6172338.0,country,False,48213856468.5718,933.191772460938,51665539.0,5.62,11.9467,-720582.0,-10.45,5.0,51.0
   Ukraine*,UKR,2000,5527087.0,country,False,32375083934.8241,653.294311523438,49556660.0,11.707,11.1531,-645251.0,-10.45,6.0,58.0
   Ukraine*,UKR,2005,5050302.0,country,False,89238865118.5263,1875.33508300781,47585556.0,7.18,10.6131,-476785.0,-8.63,9.0,70.0
   Ukraine*,UKR,2010,4818767.0,country,False,141209170427.233,3039.63232421875,46456003.0,8.1,10.3728,-231535.0,-4.58,13.0,75.0
   Ukraine*,UKR,2015,4915142.0,country,False,91030967789.0717,2094.47387695313,45784896.0,9.14,10.7353,96375.0,2.0,13.0,76.0
   Ukraine*,UKR,2020,4997387.0,country,False,156617722013.342,3709.76928710938,44680014.0,9.475,11.1848,82245.0,1.67,13.0,75.0
   Uruguay,URY,1990,98116.0,country,False,9298807850.29979,2995.36105663465,3104403.0,,3.1605,,,116.0,125.0
   Uruguay,URY,1995,93428.0,country,False,19297663096.5506,6050.48632253644,3189440.0,10.02,2.9293,-4688.0,-4.78,123.0,127.0
   Uruguay,URY,2000,88874.0,country,False,22823270892.1094,6987.70098766257,3266206.0,12.627,2.721,-4554.0,-4.87,125.0,127.0
   Uruguay,URY,2005,82317.0,country,False,17362857683.8545,5284.25677987129,3285771.0,12.009,2.5053,-6557.0,-7.38,129.0,133.0
   Uruguay,URY,2010,76303.0,country,False,41950361211.9581,12641.0576849008,3318580.0,7.158,2.2993,-6014.0,-7.31,134.0,136.0
   Uruguay,URY,2015,78799.0,country,False,57680327998.6689,17125.9016800298,3368017.0,7.488,2.3396,2496.0,3.27,133.0,140.0
   Uruguay,URY,2020,108267.0,country,False,53559354501.4278,15757.5341990356,3398968.0,10.413,3.1853,29468.0,37.4,130.0,130.0
   United States of America*,USA,1990,23251026.0,country,False,5963144000000.0,23888.6000088133,249623000.0,,9.3145,,,1.0,63.0
   United States of America*,USA,1995,28451053.0,country,False,7639749000000.0,28690.8757013347,266278000.0,5.65,10.6847,5200027.0,22.36,1.0,58.0
   United States of America*,USA,2000,34814053.0,country,False,10250952000000.0,36329.9702595751,282162411.0,3.992,12.3383,6363000.0,22.36,1.0,52.0
   United States of America*,USA,2005,39258293.0,country,False,13039197000000.0,44123.3996470026,295516599.0,5.084,13.2846,4444240.0,12.77,1.0,50.0
   United States of America*,USA,2010,44183643.0,country,False,15048971000000.0,48642.6312088213,309378227.0,9.633,14.2814,4925350.0,12.55,1.0,50.0
   United States of America*,USA,2015,48178877.0,country,False,18295019000000.0,56849.4697923159,321815121.0,5.28,14.971,3995234.0,9.04,1.0,50.0
   United States of America*,USA,2020,50632836.0,country,False,21375281000000.0,64465.2971415748,331578104.0,8.055,15.2703,2453959.0,5.09,1.0,53.0
   Uzbekistan,UZB,1990,1653000.0,country,False,13362340337.8657,652.9376529256,20464956.0,,8.0772,,,16.0,72.0
   Uzbekistan,UZB,1995,1512577.0,country,False,13350461264.9969,582.54213674034,22917589.0,7.8,6.6001,-140423.0,-8.5,22.0,82.0
   Uzbekistan,UZB,2000,1406498.0,country,False,13760513969.314,555.149231099186,24787054.0,12.301,5.6743,-106079.0,-7.01,26.0,90.0
   Uzbekistan,UZB,2005,1329932.0,country,False,14307509838.8053,542.835808692209,26356975.0,7.092,5.0458,-76566.0,-5.44,30.0,96.0
   Uzbekistan,UZB,2010,1220149.0,country,False,55544226552.8467,1956.78127255673,28385506.0,5.36,4.2985,-109783.0,-8.25,39.0,105.0
   Uzbekistan,UZB,2015,1170873.0,country,False,97564568986.8161,3172.89899391083,30749346.0,5.15,3.8078,-49276.0,-4.04,42.0,115.0
   Uzbekistan,UZB,2020,1162007.0,country,False,70127127133.2164,2087.96374711792,33586372.0,5.293,3.4598,-8866.0,-0.76,49.0,126.0
   Saint Vincent and the Grenadines,VCT,1990,3970.0,country,False,240366666.666667,2149.73944358984,111812.0,,3.5506,,,195.0,121.0
   Saint Vincent and the Grenadines,VCT,1995,4135.0,country,False,316007407.407407,2795.36305613955,113047.0,20.005,3.6578,165.0,4.16,199.0,113.0
   Saint Vincent and the Grenadines,VCT,2000,4307.0,country,False,427946037.037037,3768.95536604022,113545.0,20.8,3.7932,172.0,4.16,199.0,107.0
   Saint Vincent and the Grenadines,VCT,2005,4436.0,country,False,579948925.925926,5157.39373878102,112450.0,19.461,3.9449,129.0,3.0,201.0,108.0
   Saint Vincent and the Grenadines,VCT,2010,4569.0,country,False,720447888.888889,6551.96835992405,109959.0,19.924,4.1552,133.0,3.0,206.0,110.0
   Saint Vincent and the Grenadines,VCT,2015,4637.0,country,False,786555555.555555,7353.73556054184,106960.0,19.135,4.3353,68.0,1.49,204.0,109.0
   Saint Vincent and the Grenadines,VCT,2020,4738.0,country,False,864566666.666667,8351.20324040982,103526.0,20.635,4.5766,101.0,2.18,203.0,111.0
   Venezuela (Bolivarian Republic of),VEN,1990,1025009.0,country,False,48606952194.7752,2451.5523114567,19827010.0,,5.1698,,,34.0,96.0
   Venezuela (Bolivarian Republic of),VEN,1995,1019996.0,country,False,77389487770.0883,3486.98350635919,22193821.0,10.24,4.5959,-5013.0,-0.49,32.0,99.0
   Venezuela (Bolivarian Republic of),VEN,2000,1013738.0,country,False,117146466002.661,4776.2816763938,24526708.0,13.99,4.1332,-6258.0,-0.61,35.0,104.0
   Venezuela (Bolivarian Republic of),VEN,2005,1076474.0,country,False,145513489651.872,5432.4854184654,26785804.0,10.663,4.0188,62736.0,6.19,37.0,107.0
   Venezuela (Bolivarian Republic of),VEN,2010,1347347.0,country,False,393192354510.653,13646.3046622664,28813101.0,7.112,4.6762,270873.0,25.16,34.0,99.0
   Venezuela (Bolivarian Republic of),VEN,2015,1404448.0,country,False,125249941853.534,4096.61989137473,30573972.0,6.139,4.5936,57101.0,4.24,38.0,107.0
   Venezuela (Bolivarian Republic of),VEN,2020,1324193.0,country,False,42837965906.8675,1506.04169391285,28444077.0,7.53,4.6554,-80255.0,-5.71,45.0,110.0
   British Virgin Islands*,VGB,1990,8035.0,territory,False,,,15704.0,,51.1653,,,186.0,8.0
   British Virgin Islands*,VGB,1995,10046.0,territory,False,,,17840.0,,56.3117,2011.0,25.03,181.0,6.0
   British Virgin Islands*,VGB,2000,12958.0,territory,False,,,20241.0,,64.0186,2912.0,28.99,180.0,4.0
   British Virgin Islands*,VGB,2005,15016.0,territory,False,,,23665.0,,63.4524,2058.0,15.88,179.0,5.0
   British Virgin Islands*,VGB,2010,17076.0,territory,False,,,27675.0,,61.7019,2060.0,13.72,183.0,8.0
   British Virgin Islands*,VGB,2015,19535.0,territory,False,,,34498.0,,56.6265,2459.0,14.4,183.0,10.0
   British Virgin Islands*,VGB,2020,22164.0,territory,False,,,37135.0,,59.6849,2629.0,13.46,181.0,8.0
   United States Virgin Islands*,VIR,1990,51970.0,territory,False,,,103963.0,,49.9889,,,136.0,11.0
   United States Virgin Islands*,VIR,1995,54241.0,territory,False,,,107818.0,10.611,50.3079,2271.0,4.37,137.0,10.0
   United States Virgin Islands*,VIR,2000,56611.0,territory,False,,,108642.0,9.834,52.1078,2370.0,4.37,137.0,9.0
   United States Virgin Islands*,VIR,2005,56647.0,territory,False,4428000000.0,40828.7460927775,108453.0,10.228,52.2318,36.0,0.06,138.0,11.0
   United States Virgin Islands*,VIR,2010,56684.0,territory,False,4324000000.0,39905.1284180994,108357.0,11.059,52.3123,37.0,0.07,142.0,12.0
   United States Virgin Islands*,VIR,2015,56721.0,territory,False,3663000000.0,34007.3529411765,107712.0,11.649,52.6599,37.0,0.07,145.0,12.0
   United States Virgin Islands*,VIR,2020,56753.0,territory,False,4229000000.0,39787.3741650202,106290.0,14.366,53.3945,32.0,0.06,151.0,12.0
   Viet Nam,VNM,1990,28118.0,country,False,6471740805.56984,98.7983370311401,65504552.0,,0.0429,,,154.0,209.0
   Viet Nam,VNM,1995,51262.0,country,False,20736164458.9505,287.802661028593,72049940.0,1.955,0.0711,23144.0,82.31,138.0,209.0
   Viet Nam,VNM,2000,56754.0,country,False,31172518403.3162,404.029784055118,77154011.0,2.26,0.0736,5492.0,10.71,136.0,209.0
   Viet Nam,VNM,2005,51768.0,country,False,57633255738.1992,710.746759994861,81088313.0,2.078,0.0638,-4986.0,-8.79,141.0,210.0
   Viet Nam,VNM,2010,61756.0,country,False,147201173196.979,1683.16182443979,87455152.0,1.114,0.0706,9988.0,19.29,140.0,212.0
   Viet Nam,VNM,2015,72793.0,country,False,239258328381.741,2577.56885340113,92823254.0,1.848,0.0784,11037.0,17.87,139.0,212.0
   Viet Nam,VNM,2020,76767.0,country,False,346615738537.796,3534.03953482647,98079191.0,2.103,0.0783,3974.0,5.46,140.0,212.0
   Vanuatu,VUT,1990,2308.0,country,False,168879207.244148,1140.59020311724,148063.0,,1.5588,,,207.0,152.0
   Vanuatu,VUT,1995,2461.0,country,False,249333250.082507,1491.78967004617,167137.0,8.134,1.4724,153.0,6.63,207.0,157.0
   Vanuatu,VUT,2000,2626.0,country,False,272014627.835262,1460.23817692229,186281.0,8.266,1.4097,165.0,6.7,206.0,157.0
   Vanuatu,VUT,2005,2800.0,country,False,394962433.029368,1873.99142640619,210760.0,8.121,1.3285,174.0,6.63,207.0,162.0
   Vanuatu,VUT,2010,2991.0,country,False,670712979.682038,2815.18828985779,238248.0,4.681,1.2554,191.0,6.82,208.0,165.0
   Vanuatu,VUT,2015,3186.0,country,False,855360239.609869,3214.41948587141,266101.0,5.168,1.1973,195.0,6.52,208.0,167.0
   Vanuatu,VUT,2020,3257.0,country,False,1017403362.80118,3404.30359167624,298858.0,4.046,1.0898,71.0,2.23,207.0,170.0
   Samoa,WSM,1990,3357.0,country,False,125766269.755358,743.994213008355,169042.0,,1.9859,,,199.0,148.0
   Samoa,WSM,1995,4694.0,country,False,224865731.381903,1288.10473321401,174571.0,3.244,2.6889,1337.0,39.83,196.0,133.0
   Samoa,WSM,2000,5998.0,country,False,258856139.798489,1424.75240002471,181685.0,4.733,3.3013,1304.0,27.78,195.0,115.0
   Samoa,WSM,2005,5746.0,country,False,476801793.159429,2550.04221437511,186978.0,5.212,3.0731,-252.0,-4.2,198.0,122.0
   Samoa,WSM,2010,5122.0,country,False,680260907.153983,3524.2479246203,193023.0,5.621,2.6536,-624.0,-10.86,202.0,128.0
   Samoa,WSM,2015,4255.0,country,False,824150498.653536,4084.36083819933,201782.0,8.901,2.1087,-867.0,-16.93,205.0,146.0
   Samoa,WSM,2020,4021.0,country,False,868884902.953089,4099.59660548583,211944.0,7.467,1.8972,-234.0,-5.5,204.0,156.0
   Yemen,YEM,1990,118863.0,country,False,12643821568.9626,910.422465960748,13887862.0,,0.8559,,,107.0,174.0
   Yemen,YEM,1995,136515.0,country,False,12796345679.0123,764.414656090937,16740058.0,8.988,0.8155,17652.0,14.85,108.0,175.0
   Yemen,YEM,2000,144940.0,country,False,9679316770.18633,493.235182634814,19624141.0,11.557,0.7386,8425.0,6.17,106.0,174.0
   Yemen,YEM,2005,171871.0,country,False,16731566717.1888,734.159908450927,22790085.0,12.213,0.7541,26931.0,18.58,106.0,173.0
   Yemen,YEM,2010,288394.0,country,False,30906749533.221,1155.20305261418,26754387.0,12.777,1.0779,116523.0,67.8,87.0,168.0
   Yemen,YEM,2015,379882.0,country,False,42444490073.8555,1362.1738120601,31159379.0,17.9,1.2192,91488.0,31.72,81.0,165.0
   Yemen,YEM,2020,387113.0,country,False,,,36134863.0,17.963,1.0713,7231.0,1.9,88.0,171.0
   South Africa,ZAF,1990,1163883.0,country,False,126048140141.869,3093.48920352334,40746268.0,,2.8564,,,26.0,131.0
   South Africa,ZAF,1995,1003807.0,country,False,171735933897.331,3855.6340871567,44541554.0,22.705,2.2536,-160076.0,-13.75,33.0,145.0
   South Africa,ZAF,2000,1016963.0,country,False,151752757215.309,3217.84693448467,47159719.0,22.788,2.1564,13156.0,1.31,34.0,142.0
   South Africa,ZAF,2005,1351031.0,country,False,288867217196.534,5836.87663325127,49490033.0,22.472,2.7299,334068.0,32.85,28.0,124.0
   South Africa,ZAF,2010,2114801.0,country,False,417363822801.713,7973.47195771517,52344051.0,24.683,4.0402,763770.0,56.53,24.0,112.0
   South Africa,ZAF,2015,3231728.0,country,False,346709790458.563,6112.27382485974,56723537.0,25.149,5.6973,1116927.0,52.81,19.0,97.0
   South Africa,ZAF,2020,2860495.0,country,False,337974655408.055,5580.60383075189,60562381.0,29.217,4.7232,-371233.0,-11.49,22.0,107.0
   Zambia,ZMB,1990,279463.0,country,False,3288381797.32415,422.336298804219,7786169.0,,3.5892,,,81.0,120.0
   Zambia,ZMB,1995,244338.0,country,False,3806983413.16416,433.312782642118,8785763.0,16.834,2.7811,-35125.0,-12.57,84.0,130.0
   Zambia,ZMB,2000,343703.0,country,False,3600632111.41414,359.429500988221,10017631.0,12.93,3.431,99365.0,40.67,71.0,114.0
   Zambia,ZMB,2005,252895.0,country,False,8331870169.14977,710.982068171696,11718819.0,15.9,2.158,-90808.0,-26.42,90.0,138.0
   Zambia,ZMB,2010,149962.0,country,False,20265559483.8548,1451.10616017155,13965594.0,13.19,1.0738,-102933.0,-40.7,113.0,169.0
   Zambia,ZMB,2015,132107.0,country,False,21251216798.7762,1295.87788680068,16399089.0,5.951,0.8056,-17855.0,-11.91,121.0,181.0
   Zambia,ZMB,2020,187955.0,country,False,18137764930.651,951.644316655957,19059395.0,6.032,0.9862,55848.0,42.27,116.0,173.0
   Zimbabwe,ZWE,1990,634621.0,country,False,8788301546.04498,866.928868406131,10137281.0,,6.2603,,,47.0,85.0
   Zimbabwe,ZWE,1995,431226.0,country,False,7115000000.0,648.315259628165,10974599.0,5.566,3.9293,-203395.0,-32.05,64.0,109.0
   Zimbabwe,ZWE,2000,410109.0,country,False,6693250000.0,562.833757496076,11892055.0,5.685,3.4486,-21117.0,-4.9,63.0,113.0
   Zimbabwe,ZWE,2005,402226.0,country,False,5758250000.0,461.271387547912,12483432.0,4.632,3.2221,-7883.0,-1.92,67.0,118.0
   Zimbabwe,ZWE,2010,398307.0,country,False,12047750000.0,902.010759067388,13356548.0,5.469,2.9821,-3919.0,-0.97,71.0,123.0
   Zimbabwe,ZWE,2015,400482.0,country,False,19973250000.0,1387.12632595026,14399013.0,5.399,2.7813,2175.0,0.55,77.0,130.0
   Zimbabwe,ZWE,2020,416141.0,country,False,31979753644.6558,2059.63704025274,15526888.0,8.617,2.6801,15659.0,3.91,84.0,141.0
